<?xml version="1.0" encoding="UTF-8"?>

<office:document xmlns:office="urn:oasis:names:tc:opendocument:xmlns:office:1.0" xmlns:style="urn:oasis:names:tc:opendocument:xmlns:style:1.0" xmlns:text="urn:oasis:names:tc:opendocument:xmlns:text:1.0" xmlns:table="urn:oasis:names:tc:opendocument:xmlns:table:1.0" xmlns:draw="urn:oasis:names:tc:opendocument:xmlns:drawing:1.0" xmlns:fo="urn:oasis:names:tc:opendocument:xmlns:xsl-fo-compatible:1.0" xmlns:xlink="http://www.w3.org/1999/xlink" xmlns:dc="http://purl.org/dc/elements/1.1/" xmlns:meta="urn:oasis:names:tc:opendocument:xmlns:meta:1.0" xmlns:number="urn:oasis:names:tc:opendocument:xmlns:datastyle:1.0" xmlns:svg="urn:oasis:names:tc:opendocument:xmlns:svg-compatible:1.0" xmlns:chart="urn:oasis:names:tc:opendocument:xmlns:chart:1.0" xmlns:dr3d="urn:oasis:names:tc:opendocument:xmlns:dr3d:1.0" xmlns:math="http://www.w3.org/1998/Math/MathML" xmlns:form="urn:oasis:names:tc:opendocument:xmlns:form:1.0" xmlns:script="urn:oasis:names:tc:opendocument:xmlns:script:1.0" xmlns:config="urn:oasis:names:tc:opendocument:xmlns:config:1.0" xmlns:ooo="http://openoffice.org/2004/office" xmlns:ooow="http://openoffice.org/2004/writer" xmlns:oooc="http://openoffice.org/2004/calc" xmlns:dom="http://www.w3.org/2001/xml-events" xmlns:xforms="http://www.w3.org/2002/xforms" xmlns:xsd="http://www.w3.org/2001/XMLSchema" xmlns:xsi="http://www.w3.org/2001/XMLSchema-instance" xmlns:rpt="http://openoffice.org/2005/report" xmlns:of="urn:oasis:names:tc:opendocument:xmlns:of:1.2" xmlns:xhtml="http://www.w3.org/1999/xhtml" xmlns:grddl="http://www.w3.org/2003/g/data-view#" xmlns:officeooo="http://openoffice.org/2009/office" xmlns:tableooo="http://openoffice.org/2009/table" xmlns:drawooo="http://openoffice.org/2010/draw" xmlns:calcext="urn:org:documentfoundation:names:experimental:calc:xmlns:calcext:1.0" xmlns:loext="urn:org:documentfoundation:names:experimental:office:xmlns:loext:1.0" xmlns:field="urn:openoffice:names:experimental:ooo-ms-interop:xmlns:field:1.0" xmlns:formx="urn:openoffice:names:experimental:ooxml-odf-interop:xmlns:form:1.0" xmlns:css3t="http://www.w3.org/TR/css3-text/" office:version="1.2" office:mimetype="application/vnd.oasis.opendocument.text">
 <office:meta><meta:document-statistic meta:table-count="0" meta:image-count="0" meta:object-count="0" meta:page-count="35" meta:paragraph-count="718" meta:word-count="799" meta:character-count="16614" meta:non-whitespace-character-count="15816"/><meta:generator>LibreOffice/6.1.5.2$Linux_X86_64 LibreOffice_project/10$Build-2</meta:generator></office:meta>
 <office:settings>
  <config:config-item-set config:name="ooo:view-settings">
   <config:config-item config:name="ViewAreaTop" config:type="long">0</config:config-item>
   <config:config-item config:name="ViewAreaLeft" config:type="long">0</config:config-item>
   <config:config-item config:name="ViewAreaWidth" config:type="long">0</config:config-item>
   <config:config-item config:name="ViewAreaHeight" config:type="long">0</config:config-item>
   <config:config-item config:name="ShowRedlineChanges" config:type="boolean">true</config:config-item>
   <config:config-item config:name="InBrowseMode" config:type="boolean">false</config:config-item>
  </config:config-item-set>
  <config:config-item-set config:name="ooo:configuration-settings">
   <config:config-item config:name="PrintPaperFromSetup" config:type="boolean">false</config:config-item>
   <config:config-item config:name="PrintFaxName" config:type="string"/>
   <config:config-item config:name="PrintSingleJobs" config:type="boolean">false</config:config-item>
   <config:config-item config:name="PrintProspectRTL" config:type="boolean">false</config:config-item>
   <config:config-item config:name="PrintProspect" config:type="boolean">false</config:config-item>
   <config:config-item config:name="PrintReversed" config:type="boolean">false</config:config-item>
   <config:config-item config:name="PrintTextPlaceholder" config:type="boolean">false</config:config-item>
   <config:config-item config:name="PrintTables" config:type="boolean">true</config:config-item>
   <config:config-item config:name="PrintPageBackground" config:type="boolean">true</config:config-item>
   <config:config-item config:name="PrintLeftPages" config:type="boolean">true</config:config-item>
   <config:config-item config:name="DoNotJustifyLinesWithManualBreak" config:type="boolean">false</config:config-item>
   <config:config-item config:name="AlignTabStopPosition" config:type="boolean">true</config:config-item>
   <config:config-item config:name="IgnoreFirstLineIndentInNumbering" config:type="boolean">false</config:config-item>
   <config:config-item config:name="PrinterSetup" config:type="base64Binary"/>
   <config:config-item config:name="CollapseEmptyCellPara" config:type="boolean">true</config:config-item>
   <config:config-item config:name="RedlineProtectionKey" config:type="base64Binary"/>
   <config:config-item config:name="UseOldPrinterMetrics" config:type="boolean">false</config:config-item>
   <config:config-item config:name="UseOldNumbering" config:type="boolean">false</config:config-item>
   <config:config-item config:name="AddExternalLeading" config:type="boolean">true</config:config-item>
   <config:config-item config:name="TreatSingleColumnBreakAsPageBreak" config:type="boolean">false</config:config-item>
   <config:config-item config:name="IsLabelDocument" config:type="boolean">false</config:config-item>
   <config:config-item config:name="RsidRoot" config:type="int">536051</config:config-item>
   <config:config-item config:name="ConsiderTextWrapOnObjPos" config:type="boolean">false</config:config-item>
   <config:config-item config:name="TableRowKeep" config:type="boolean">false</config:config-item>
   <config:config-item config:name="TabsRelativeToIndent" config:type="boolean">true</config:config-item>
   <config:config-item config:name="UpdateFromTemplate" config:type="boolean">true</config:config-item>
   <config:config-item config:name="SaveVersionOnClose" config:type="boolean">false</config:config-item>
   <config:config-item config:name="UseFormerTextWrapping" config:type="boolean">false</config:config-item>
   <config:config-item config:name="ChartAutoUpdate" config:type="boolean">true</config:config-item>
   <config:config-item config:name="AddParaTableSpacingAtStart" config:type="boolean">true</config:config-item>
   <config:config-item config:name="AllowPrintJobCancel" config:type="boolean">true</config:config-item>
   <config:config-item config:name="AddParaTableSpacing" config:type="boolean">true</config:config-item>
   <config:config-item config:name="PrintDrawings" config:type="boolean">true</config:config-item>
   <config:config-item config:name="AddParaSpacingToTableCells" config:type="boolean">true</config:config-item>
   <config:config-item config:name="UseFormerLineSpacing" config:type="boolean">false</config:config-item>
   <config:config-item config:name="OutlineLevelYieldsNumbering" config:type="boolean">false</config:config-item>
   <config:config-item config:name="LinkUpdateMode" config:type="short">1</config:config-item>
   <config:config-item config:name="ApplyUserData" config:type="boolean">true</config:config-item>
   <config:config-item config:name="StylesNoDefault" config:type="boolean">false</config:config-item>
   <config:config-item config:name="EmbeddedDatabaseName" config:type="string"/>
   <config:config-item config:name="FloattableNomargins" config:type="boolean">false</config:config-item>
   <config:config-item config:name="BackgroundParaOverDrawings" config:type="boolean">false</config:config-item>
   <config:config-item config:name="PrinterName" config:type="string"/>
   <config:config-item config:name="UseFormerObjectPositioning" config:type="boolean">false</config:config-item>
   <config:config-item config:name="TabOverMargin" config:type="boolean">false</config:config-item>
   <config:config-item config:name="SaveGlobalDocumentLinks" config:type="boolean">false</config:config-item>
   <config:config-item config:name="CurrentDatabaseDataSource" config:type="string"/>
   <config:config-item config:name="IsKernAsianPunctuation" config:type="boolean">false</config:config-item>
   <config:config-item config:name="CurrentDatabaseCommandType" config:type="int">0</config:config-item>
   <config:config-item config:name="CharacterCompressionType" config:type="short">0</config:config-item>
   <config:config-item config:name="SmallCapsPercentage66" config:type="boolean">false</config:config-item>
   <config:config-item config:name="CurrentDatabaseCommand" config:type="string"/>
   <config:config-item config:name="DoNotResetParaAttrsForNumFont" config:type="boolean">false</config:config-item>
   <config:config-item config:name="FieldAutoUpdate" config:type="boolean">true</config:config-item>
   <config:config-item config:name="IgnoreTabsAndBlanksForLineCalculation" config:type="boolean">false</config:config-item>
   <config:config-item config:name="LoadReadonly" config:type="boolean">false</config:config-item>
   <config:config-item config:name="DoNotCaptureDrawObjsOnPage" config:type="boolean">false</config:config-item>
   <config:config-item config:name="ClipAsCharacterAnchoredWriterFlyFrames" config:type="boolean">false</config:config-item>
   <config:config-item config:name="PrintBlackFonts" config:type="boolean">false</config:config-item>
   <config:config-item config:name="DisableOffPagePositioning" config:type="boolean">false</config:config-item>
   <config:config-item config:name="SurroundTextWrapSmall" config:type="boolean">false</config:config-item>
   <config:config-item config:name="UnxForceZeroExtLeading" config:type="boolean">false</config:config-item>
   <config:config-item config:name="TabAtLeftIndentForParagraphsInList" config:type="boolean">false</config:config-item>
   <config:config-item config:name="PrintRightPages" config:type="boolean">true</config:config-item>
   <config:config-item config:name="Rsid" config:type="int">536051</config:config-item>
   <config:config-item config:name="MathBaselineAlignment" config:type="boolean">true</config:config-item>
   <config:config-item config:name="MsWordCompTrailingBlanks" config:type="boolean">false</config:config-item>
   <config:config-item config:name="InvertBorderSpacing" config:type="boolean">false</config:config-item>
   <config:config-item config:name="EmbedFonts" config:type="boolean">false</config:config-item>
   <config:config-item config:name="PrinterPaperFromSetup" config:type="boolean">false</config:config-item>
   <config:config-item config:name="PrinterIndependentLayout" config:type="string">high-resolution</config:config-item>
   <config:config-item config:name="TabOverflow" config:type="boolean">true</config:config-item>
   <config:config-item config:name="PrintGraphics" config:type="boolean">true</config:config-item>
   <config:config-item config:name="PropLineSpacingShrinksFirstLine" config:type="boolean">true</config:config-item>
   <config:config-item config:name="UnbreakableNumberings" config:type="boolean">false</config:config-item>
   <config:config-item config:name="AddFrameOffsets" config:type="boolean">false</config:config-item>
   <config:config-item config:name="ClippedPictures" config:type="boolean">false</config:config-item>
   <config:config-item config:name="EmbedSystemFonts" config:type="boolean">false</config:config-item>
   <config:config-item config:name="ApplyParagraphMarkFormatToNumbering" config:type="boolean">false</config:config-item>
   <config:config-item config:name="SubtractFlysAnchoredAtFlys" config:type="boolean">false</config:config-item>
   <config:config-item config:name="EmptyDbFieldHidesPara" config:type="boolean">true</config:config-item>
   <config:config-item config:name="AddVerticalFrameOffsets" config:type="boolean">false</config:config-item>
   <config:config-item config:name="ProtectForm" config:type="boolean">false</config:config-item>
   <config:config-item config:name="PrintEmptyPages" config:type="boolean">false</config:config-item>
   <config:config-item config:name="PrintControls" config:type="boolean">true</config:config-item>
   <config:config-item config:name="PrintHiddenText" config:type="boolean">false</config:config-item>
   <config:config-item config:name="PrintAnnotationMode" config:type="short">0</config:config-item>
  </config:config-item-set>
 </office:settings>
 <office:scripts>
  <office:script script:language="ooo:Basic">
   <ooo:libraries xmlns:ooo="http://openoffice.org/2004/office" xmlns:xlink="http://www.w3.org/1999/xlink"/>
  </office:script>
 </office:scripts>
 <office:font-face-decls>
  <style:font-face style:name="Noto Sans Devanagari1" svg:font-family="&apos;Noto Sans Devanagari&apos;" style:font-family-generic="swiss"/>
  <style:font-face style:name="Liberation Mono" svg:font-family="&apos;Liberation Mono&apos;" style:font-family-generic="modern" style:font-pitch="fixed"/>
  <style:font-face style:name="Liberation Serif" svg:font-family="&apos;Liberation Serif&apos;" style:font-family-generic="roman" style:font-pitch="variable"/>
  <style:font-face style:name="Liberation Sans" svg:font-family="&apos;Liberation Sans&apos;" style:font-family-generic="swiss" style:font-pitch="variable"/>
  <style:font-face style:name="DejaVu Sans" svg:font-family="&apos;DejaVu Sans&apos;" style:font-family-generic="system" style:font-pitch="variable"/>
  <style:font-face style:name="Noto Sans Devanagari" svg:font-family="&apos;Noto Sans Devanagari&apos;" style:font-family-generic="system" style:font-pitch="variable"/>
 </office:font-face-decls>
 <office:styles>
  <style:default-style style:family="graphic">
   <style:graphic-properties svg:stroke-color="#3465a4" draw:fill-color="#729fcf" fo:wrap-option="no-wrap" draw:shadow-offset-x="0.1181in" draw:shadow-offset-y="0.1181in" draw:start-line-spacing-horizontal="0.1114in" draw:start-line-spacing-vertical="0.1114in" draw:end-line-spacing-horizontal="0.1114in" draw:end-line-spacing-vertical="0.1114in" style:flow-with-text="false"/>
   <style:paragraph-properties style:text-autospace="ideograph-alpha" style:line-break="strict" style:font-independent-line-spacing="false">
    <style:tab-stops/>
   </style:paragraph-properties>
   <style:text-properties style:use-window-font-color="true" style:font-name="Liberation Serif" fo:font-size="12pt" fo:language="en" fo:country="US" style:letter-kerning="true" style:font-name-asian="DejaVu Sans" style:font-size-asian="10.5pt" style:language-asian="zh" style:country-asian="CN" style:font-name-complex="Noto Sans Devanagari" style:font-size-complex="12pt" style:language-complex="hi" style:country-complex="IN"/>
  </style:default-style>
  <style:default-style style:family="paragraph">
   <style:paragraph-properties fo:hyphenation-ladder-count="no-limit" style:text-autospace="ideograph-alpha" style:punctuation-wrap="hanging" style:line-break="strict" style:tab-stop-distance="0.4925in" style:writing-mode="page"/>
   <style:text-properties style:use-window-font-color="true" style:font-name="Liberation Serif" fo:font-size="12pt" fo:language="en" fo:country="US" style:font-name-asian="DejaVu Sans" style:font-size-asian="10.5pt" style:language-asian="zh" style:country-asian="CN" style:font-name-complex="Noto Sans Devanagari" style:font-size-complex="12pt" style:language-complex="hi" style:country-complex="IN" fo:hyphenate="false" fo:hyphenation-remain-char-count="2" fo:hyphenation-push-char-count="2"/>
  </style:default-style>
  <style:default-style style:family="table">
   <style:table-properties table:border-model="collapsing"/>
  </style:default-style>
  <style:default-style style:family="table-row">
   <style:table-row-properties fo:keep-together="auto"/>
  </style:default-style>
  <style:style style:name="Standard" style:family="paragraph" style:class="text"/>
  <style:style style:name="Heading" style:family="paragraph" style:parent-style-name="Standard" style:next-style-name="Text_20_body" style:class="text">
   <style:paragraph-properties fo:margin-top="0.1665in" fo:margin-bottom="0.0835in" loext:contextual-spacing="false" fo:keep-with-next="always"/>
   <style:text-properties style:font-name="Liberation Sans" fo:font-family="&apos;Liberation Sans&apos;" style:font-family-generic="swiss" style:font-pitch="variable" fo:font-size="14pt" style:font-name-asian="DejaVu Sans" style:font-family-asian="&apos;DejaVu Sans&apos;" style:font-family-generic-asian="system" style:font-pitch-asian="variable" style:font-size-asian="14pt" style:font-name-complex="Noto Sans Devanagari" style:font-family-complex="&apos;Noto Sans Devanagari&apos;" style:font-family-generic-complex="system" style:font-pitch-complex="variable" style:font-size-complex="14pt"/>
  </style:style>
  <style:style style:name="Text_20_body" style:display-name="Text body" style:family="paragraph" style:parent-style-name="Standard" style:class="text">
   <style:paragraph-properties fo:margin-top="0in" fo:margin-bottom="0.0972in" loext:contextual-spacing="false" fo:line-height="115%"/>
  </style:style>
  <style:style style:name="List" style:family="paragraph" style:parent-style-name="Text_20_body" style:class="list">
   <style:text-properties style:font-size-asian="12pt" style:font-name-complex="Noto Sans Devanagari1" style:font-family-complex="&apos;Noto Sans Devanagari&apos;" style:font-family-generic-complex="swiss"/>
  </style:style>
  <style:style style:name="Caption" style:family="paragraph" style:parent-style-name="Standard" style:class="extra">
   <style:paragraph-properties fo:margin-top="0.0835in" fo:margin-bottom="0.0835in" loext:contextual-spacing="false" text:number-lines="false" text:line-number="0"/>
   <style:text-properties fo:font-size="12pt" fo:font-style="italic" style:font-size-asian="12pt" style:font-style-asian="italic" style:font-name-complex="Noto Sans Devanagari1" style:font-family-complex="&apos;Noto Sans Devanagari&apos;" style:font-family-generic-complex="swiss" style:font-size-complex="12pt" style:font-style-complex="italic"/>
  </style:style>
  <style:style style:name="Index" style:family="paragraph" style:parent-style-name="Standard" style:class="index">
   <style:paragraph-properties text:number-lines="false" text:line-number="0"/>
   <style:text-properties style:font-size-asian="12pt" style:font-name-complex="Noto Sans Devanagari1" style:font-family-complex="&apos;Noto Sans Devanagari&apos;" style:font-family-generic-complex="swiss"/>
  </style:style>
  <style:style style:name="Preformatted_20_Text" style:display-name="Preformatted Text" style:family="paragraph" style:parent-style-name="Standard" style:class="html">
   <style:paragraph-properties fo:margin-top="0in" fo:margin-bottom="0in" loext:contextual-spacing="false"/>
   <style:text-properties style:font-name="Liberation Mono" fo:font-family="&apos;Liberation Mono&apos;" style:font-family-generic="modern" style:font-pitch="fixed" fo:font-size="10pt" style:font-name-asian="Liberation Mono" style:font-family-asian="&apos;Liberation Mono&apos;" style:font-family-generic-asian="modern" style:font-pitch-asian="fixed" style:font-size-asian="10pt" style:font-name-complex="Liberation Mono" style:font-family-complex="&apos;Liberation Mono&apos;" style:font-family-generic-complex="modern" style:font-pitch-complex="fixed" style:font-size-complex="10pt"/>
  </style:style>
  <text:outline-style style:name="Outline">
   <text:outline-level-style text:level="1" style:num-format="">
    <style:list-level-properties text:list-level-position-and-space-mode="label-alignment">
     <style:list-level-label-alignment text:label-followed-by="listtab"/>
    </style:list-level-properties>
   </text:outline-level-style>
   <text:outline-level-style text:level="2" style:num-format="">
    <style:list-level-properties text:list-level-position-and-space-mode="label-alignment">
     <style:list-level-label-alignment text:label-followed-by="listtab"/>
    </style:list-level-properties>
   </text:outline-level-style>
   <text:outline-level-style text:level="3" style:num-format="">
    <style:list-level-properties text:list-level-position-and-space-mode="label-alignment">
     <style:list-level-label-alignment text:label-followed-by="listtab"/>
    </style:list-level-properties>
   </text:outline-level-style>
   <text:outline-level-style text:level="4" style:num-format="">
    <style:list-level-properties text:list-level-position-and-space-mode="label-alignment">
     <style:list-level-label-alignment text:label-followed-by="listtab"/>
    </style:list-level-properties>
   </text:outline-level-style>
   <text:outline-level-style text:level="5" style:num-format="">
    <style:list-level-properties text:list-level-position-and-space-mode="label-alignment">
     <style:list-level-label-alignment text:label-followed-by="listtab"/>
    </style:list-level-properties>
   </text:outline-level-style>
   <text:outline-level-style text:level="6" style:num-format="">
    <style:list-level-properties text:list-level-position-and-space-mode="label-alignment">
     <style:list-level-label-alignment text:label-followed-by="listtab"/>
    </style:list-level-properties>
   </text:outline-level-style>
   <text:outline-level-style text:level="7" style:num-format="">
    <style:list-level-properties text:list-level-position-and-space-mode="label-alignment">
     <style:list-level-label-alignment text:label-followed-by="listtab"/>
    </style:list-level-properties>
   </text:outline-level-style>
   <text:outline-level-style text:level="8" style:num-format="">
    <style:list-level-properties text:list-level-position-and-space-mode="label-alignment">
     <style:list-level-label-alignment text:label-followed-by="listtab"/>
    </style:list-level-properties>
   </text:outline-level-style>
   <text:outline-level-style text:level="9" style:num-format="">
    <style:list-level-properties text:list-level-position-and-space-mode="label-alignment">
     <style:list-level-label-alignment text:label-followed-by="listtab"/>
    </style:list-level-properties>
   </text:outline-level-style>
   <text:outline-level-style text:level="10" style:num-format="">
    <style:list-level-properties text:list-level-position-and-space-mode="label-alignment">
     <style:list-level-label-alignment text:label-followed-by="listtab"/>
    </style:list-level-properties>
   </text:outline-level-style>
  </text:outline-style>
  <text:notes-configuration text:note-class="footnote" style:num-format="1" text:start-value="0" text:footnotes-position="page" text:start-numbering-at="document"/>
  <text:notes-configuration text:note-class="endnote" style:num-format="i" text:start-value="0"/>
  <text:linenumbering-configuration text:number-lines="false" text:offset="0.1965in" style:num-format="1" text:number-position="left" text:increment="5"/>
 </office:styles>
 <office:automatic-styles>
  <style:page-layout style:name="pm1">
   <style:page-layout-properties fo:page-width="8.2681in" fo:page-height="11.6929in" style:num-format="1" style:print-orientation="portrait" fo:margin-top="0.7874in" fo:margin-bottom="0.7874in" fo:margin-left="0.7874in" fo:margin-right="0.7874in" style:writing-mode="lr-tb" style:footnote-max-height="0in">
    <style:footnote-sep style:width="0.0071in" style:distance-before-sep="0.0398in" style:distance-after-sep="0.0398in" style:line-style="solid" style:adjustment="left" style:rel-width="25%" style:color="#000000"/>
   </style:page-layout-properties>
   <style:header-style/>
   <style:footer-style/>
  </style:page-layout>
 </office:automatic-styles>
 <office:master-styles>
  <style:master-page style:name="Standard" style:page-layout-name="pm1"/>
 </office:master-styles>
 <office:body>
  <office:text text:use-soft-page-breaks="true">
   <text:sequence-decls>
    <text:sequence-decl text:display-outline-level="0" text:name="Illustration"/>
    <text:sequence-decl text:display-outline-level="0" text:name="Table"/>
    <text:sequence-decl text:display-outline-level="0" text:name="Text"/>
    <text:sequence-decl text:display-outline-level="0" text:name="Drawing"/>
    <text:sequence-decl text:display-outline-level="0" text:name="Figure"/>
   </text:sequence-decls>
   <text:p text:style-name="Preformatted_20_Text">&lt;manifest version=&quot;2.0&quot; type=&quot;device&quot; target-level=&quot;3&quot;&gt;&#x0d;</text:p>
   <text:p text:style-name="Preformatted_20_Text">&lt;hal format=&quot;hidl&quot;&gt;&#x0d;</text:p>
   <text:p text:style-name="Preformatted_20_Text">&lt;name&gt;android.hardware.audio&lt;/name&gt;&#x0d;</text:p>
   <text:p text:style-name="Preformatted_20_Text">&lt;transport&gt;hwbinder&lt;/transport&gt;&#x0d;</text:p>
   <text:p text:style-name="Preformatted_20_Text">&lt;version&gt;6.0&lt;/version&gt;&#x0d;</text:p>
   <text:p text:style-name="Preformatted_20_Text">&lt;interface&gt;&#x0d;</text:p>
   <text:p text:style-name="Preformatted_20_Text">&lt;name&gt;IDevicesFactory&lt;/name&gt;&#x0d;</text:p>
   <text:p text:style-name="Preformatted_20_Text">&lt;instance&gt;default&lt;/instance&gt;&#x0d;</text:p>
   <text:p text:style-name="Preformatted_20_Text">&lt;/interface&gt;&#x0d;</text:p>
   <text:p text:style-name="Preformatted_20_Text">&lt;/hal&gt;&#x0d;</text:p>
   <text:p text:style-name="Preformatted_20_Text">&lt;hal format=&quot;hidl&quot;&gt;&#x0d;</text:p>
   <text:p text:style-name="Preformatted_20_Text">&lt;name&gt;android.hardware.audio.effect&lt;/name&gt;&#x0d;</text:p>
   <text:p text:style-name="Preformatted_20_Text">&lt;transport&gt;hwbinder&lt;/transport&gt;&#x0d;</text:p>
   <text:p text:style-name="Preformatted_20_Text">&lt;version&gt;6.0&lt;/version&gt;&#x0d;</text:p>
   <text:p text:style-name="Preformatted_20_Text">&lt;interface&gt;&#x0d;</text:p>
   <text:p text:style-name="Preformatted_20_Text">&lt;name&gt;IEffectsFactory&lt;/name&gt;&#x0d;</text:p>
   <text:p text:style-name="Preformatted_20_Text">&lt;instance&gt;default&lt;/instance&gt;&#x0d;</text:p>
   <text:p text:style-name="Preformatted_20_Text">&lt;/interface&gt;&#x0d;</text:p>
   <text:p text:style-name="Preformatted_20_Text">&lt;/hal&gt;&#x0d;</text:p>
   <text:p text:style-name="Preformatted_20_Text">&lt;hal format=&quot;hidl&quot;&gt;&#x0d;</text:p>
   <text:p text:style-name="Preformatted_20_Text"><text:soft-page-break/>&lt;name&gt;android.hardware.bluetooth&lt;/name&gt;&#x0d;</text:p>
   <text:p text:style-name="Preformatted_20_Text">&lt;transport&gt;hwbinder&lt;/transport&gt;&#x0d;</text:p>
   <text:p text:style-name="Preformatted_20_Text">&lt;version&gt;1.0&lt;/version&gt;&#x0d;</text:p>
   <text:p text:style-name="Preformatted_20_Text">&lt;interface&gt;&#x0d;</text:p>
   <text:p text:style-name="Preformatted_20_Text">&lt;name&gt;IBluetoothHci&lt;/name&gt;&#x0d;</text:p>
   <text:p text:style-name="Preformatted_20_Text">&lt;instance&gt;default&lt;/instance&gt;&#x0d;</text:p>
   <text:p text:style-name="Preformatted_20_Text">&lt;/interface&gt;&#x0d;</text:p>
   <text:p text:style-name="Preformatted_20_Text">&lt;/hal&gt;&#x0d;</text:p>
   <text:p text:style-name="Preformatted_20_Text">&lt;hal format=&quot;hidl&quot;&gt;&#x0d;</text:p>
   <text:p text:style-name="Preformatted_20_Text">&lt;name&gt;android.hardware.bluetooth.audio&lt;/name&gt;&#x0d;</text:p>
   <text:p text:style-name="Preformatted_20_Text">&lt;transport&gt;hwbinder&lt;/transport&gt;&#x0d;</text:p>
   <text:p text:style-name="Preformatted_20_Text">&lt;version&gt;2.0&lt;/version&gt;&#x0d;</text:p>
   <text:p text:style-name="Preformatted_20_Text">&lt;interface&gt;&#x0d;</text:p>
   <text:p text:style-name="Preformatted_20_Text">&lt;name&gt;IBluetoothAudioProvidersFactory&lt;/name&gt;&#x0d;</text:p>
   <text:p text:style-name="Preformatted_20_Text">&lt;instance&gt;default&lt;/instance&gt;&#x0d;</text:p>
   <text:p text:style-name="Preformatted_20_Text">&lt;/interface&gt;&#x0d;</text:p>
   <text:p text:style-name="Preformatted_20_Text">&lt;/hal&gt;&#x0d;</text:p>
   <text:p text:style-name="Preformatted_20_Text">&lt;hal format=&quot;hidl&quot;&gt;&#x0d;</text:p>
   <text:p text:style-name="Preformatted_20_Text">&lt;name&gt;android.hardware.boot&lt;/name&gt;&#x0d;</text:p>
   <text:p text:style-name="Preformatted_20_Text">&lt;transport&gt;hwbinder&lt;/transport&gt;&#x0d;</text:p>
   <text:p text:style-name="Preformatted_20_Text">&lt;version&gt;1.0&lt;/version&gt;&#x0d;</text:p>
   <text:p text:style-name="Preformatted_20_Text"><text:soft-page-break/>&lt;interface&gt;&#x0d;</text:p>
   <text:p text:style-name="Preformatted_20_Text">&lt;name&gt;IBootControl&lt;/name&gt;&#x0d;</text:p>
   <text:p text:style-name="Preformatted_20_Text">&lt;instance&gt;default&lt;/instance&gt;&#x0d;</text:p>
   <text:p text:style-name="Preformatted_20_Text">&lt;/interface&gt;&#x0d;</text:p>
   <text:p text:style-name="Preformatted_20_Text">&lt;/hal&gt;&#x0d;</text:p>
   <text:p text:style-name="Preformatted_20_Text">&lt;hal format=&quot;hidl&quot;&gt;&#x0d;</text:p>
   <text:p text:style-name="Preformatted_20_Text">&lt;name&gt;android.hardware.camera.provider&lt;/name&gt;&#x0d;</text:p>
   <text:p text:style-name="Preformatted_20_Text">&lt;transport&gt;hwbinder&lt;/transport&gt;&#x0d;</text:p>
   <text:p text:style-name="Preformatted_20_Text">&lt;version&gt;2.4&lt;/version&gt;&#x0d;</text:p>
   <text:p text:style-name="Preformatted_20_Text">&lt;interface&gt;&#x0d;</text:p>
   <text:p text:style-name="Preformatted_20_Text">&lt;name&gt;ICameraProvider&lt;/name&gt;&#x0d;</text:p>
   <text:p text:style-name="Preformatted_20_Text">&lt;instance&gt;legacy/0&lt;/instance&gt;&#x0d;</text:p>
   <text:p text:style-name="Preformatted_20_Text">&lt;/interface&gt;&#x0d;</text:p>
   <text:p text:style-name="Preformatted_20_Text">&lt;/hal&gt;&#x0d;</text:p>
   <text:p text:style-name="Preformatted_20_Text">&lt;hal format=&quot;hidl&quot;&gt;&#x0d;</text:p>
   <text:p text:style-name="Preformatted_20_Text">&lt;name&gt;android.hardware.configstore&lt;/name&gt;&#x0d;</text:p>
   <text:p text:style-name="Preformatted_20_Text">&lt;transport&gt;hwbinder&lt;/transport&gt;&#x0d;</text:p>
   <text:p text:style-name="Preformatted_20_Text">&lt;version&gt;1.1&lt;/version&gt;&#x0d;</text:p>
   <text:p text:style-name="Preformatted_20_Text">&lt;interface&gt;&#x0d;</text:p>
   <text:p text:style-name="Preformatted_20_Text">&lt;name&gt;ISurfaceFlingerConfigs&lt;/name&gt;&#x0d;</text:p>
   <text:p text:style-name="Preformatted_20_Text">&lt;instance&gt;default&lt;/instance&gt;&#x0d;</text:p>
   <text:p text:style-name="Preformatted_20_Text"><text:soft-page-break/>&lt;/interface&gt;&#x0d;</text:p>
   <text:p text:style-name="Preformatted_20_Text">&lt;/hal&gt;&#x0d;</text:p>
   <text:p text:style-name="Preformatted_20_Text">&lt;hal format=&quot;hidl&quot;&gt;&#x0d;</text:p>
   <text:p text:style-name="Preformatted_20_Text">&lt;name&gt;android.hardware.contexthub&lt;/name&gt;&#x0d;</text:p>
   <text:p text:style-name="Preformatted_20_Text">&lt;transport&gt;hwbinder&lt;/transport&gt;&#x0d;</text:p>
   <text:p text:style-name="Preformatted_20_Text">&lt;version&gt;1.0&lt;/version&gt;&#x0d;</text:p>
   <text:p text:style-name="Preformatted_20_Text">&lt;interface&gt;&#x0d;</text:p>
   <text:p text:style-name="Preformatted_20_Text">&lt;name&gt;IContexthub&lt;/name&gt;&#x0d;</text:p>
   <text:p text:style-name="Preformatted_20_Text">&lt;instance&gt;default&lt;/instance&gt;&#x0d;</text:p>
   <text:p text:style-name="Preformatted_20_Text">&lt;/interface&gt;&#x0d;</text:p>
   <text:p text:style-name="Preformatted_20_Text">&lt;/hal&gt;&#x0d;</text:p>
   <text:p text:style-name="Preformatted_20_Text">&lt;hal format=&quot;hidl&quot;&gt;&#x0d;</text:p>
   <text:p text:style-name="Preformatted_20_Text">&lt;name&gt;android.hardware.gatekeeper&lt;/name&gt;&#x0d;</text:p>
   <text:p text:style-name="Preformatted_20_Text">&lt;transport&gt;hwbinder&lt;/transport&gt;&#x0d;</text:p>
   <text:p text:style-name="Preformatted_20_Text">&lt;version&gt;1.0&lt;/version&gt;&#x0d;</text:p>
   <text:p text:style-name="Preformatted_20_Text">&lt;interface&gt;&#x0d;</text:p>
   <text:p text:style-name="Preformatted_20_Text">&lt;name&gt;IGatekeeper&lt;/name&gt;&#x0d;</text:p>
   <text:p text:style-name="Preformatted_20_Text">&lt;instance&gt;default&lt;/instance&gt;&#x0d;</text:p>
   <text:p text:style-name="Preformatted_20_Text">&lt;/interface&gt;&#x0d;</text:p>
   <text:p text:style-name="Preformatted_20_Text">&lt;/hal&gt;&#x0d;</text:p>
   <text:p text:style-name="Preformatted_20_Text">&lt;hal format=&quot;hidl&quot;&gt;&#x0d;</text:p>
   <text:p text:style-name="Preformatted_20_Text"><text:soft-page-break/>&lt;name&gt;android.hardware.keymaster&lt;/name&gt;&#x0d;</text:p>
   <text:p text:style-name="Preformatted_20_Text">&lt;transport&gt;hwbinder&lt;/transport&gt;&#x0d;</text:p>
   <text:p text:style-name="Preformatted_20_Text">&lt;version&gt;4.0&lt;/version&gt;&#x0d;</text:p>
   <text:p text:style-name="Preformatted_20_Text">&lt;interface&gt;&#x0d;</text:p>
   <text:p text:style-name="Preformatted_20_Text">&lt;name&gt;IKeymasterDevice&lt;/name&gt;&#x0d;</text:p>
   <text:p text:style-name="Preformatted_20_Text">&lt;instance&gt;default&lt;/instance&gt;&#x0d;</text:p>
   <text:p text:style-name="Preformatted_20_Text">&lt;/interface&gt;&#x0d;</text:p>
   <text:p text:style-name="Preformatted_20_Text">&lt;/hal&gt;&#x0d;</text:p>
   <text:p text:style-name="Preformatted_20_Text">&lt;hal format=&quot;hidl&quot;&gt;&#x0d;</text:p>
   <text:p text:style-name="Preformatted_20_Text">&lt;name&gt;android.hardware.media.c2&lt;/name&gt;&#x0d;</text:p>
   <text:p text:style-name="Preformatted_20_Text">&lt;transport&gt;hwbinder&lt;/transport&gt;&#x0d;</text:p>
   <text:p text:style-name="Preformatted_20_Text">&lt;version&gt;1.0&lt;/version&gt;&#x0d;</text:p>
   <text:p text:style-name="Preformatted_20_Text">&lt;interface&gt;&#x0d;</text:p>
   <text:p text:style-name="Preformatted_20_Text">&lt;name&gt;IComponentStore&lt;/name&gt;&#x0d;</text:p>
   <text:p text:style-name="Preformatted_20_Text">&lt;instance&gt;default&lt;/instance&gt;&#x0d;</text:p>
   <text:p text:style-name="Preformatted_20_Text">&lt;/interface&gt;&#x0d;</text:p>
   <text:p text:style-name="Preformatted_20_Text">&lt;/hal&gt;&#x0d;</text:p>
   <text:p text:style-name="Preformatted_20_Text">&lt;hal format=&quot;hidl&quot;&gt;&#x0d;</text:p>
   <text:p text:style-name="Preformatted_20_Text">&lt;name&gt;android.hardware.media.omx&lt;/name&gt;&#x0d;</text:p>
   <text:p text:style-name="Preformatted_20_Text">&lt;transport&gt;hwbinder&lt;/transport&gt;&#x0d;</text:p>
   <text:p text:style-name="Preformatted_20_Text">&lt;version&gt;1.0&lt;/version&gt;&#x0d;</text:p>
   <text:p text:style-name="Preformatted_20_Text"><text:soft-page-break/>&lt;interface&gt;&#x0d;</text:p>
   <text:p text:style-name="Preformatted_20_Text">&lt;name&gt;IOmx&lt;/name&gt;&#x0d;</text:p>
   <text:p text:style-name="Preformatted_20_Text">&lt;instance&gt;default&lt;/instance&gt;&#x0d;</text:p>
   <text:p text:style-name="Preformatted_20_Text">&lt;/interface&gt;&#x0d;</text:p>
   <text:p text:style-name="Preformatted_20_Text">&lt;interface&gt;&#x0d;</text:p>
   <text:p text:style-name="Preformatted_20_Text">&lt;name&gt;IOmxStore&lt;/name&gt;&#x0d;</text:p>
   <text:p text:style-name="Preformatted_20_Text">&lt;instance&gt;default&lt;/instance&gt;&#x0d;</text:p>
   <text:p text:style-name="Preformatted_20_Text">&lt;/interface&gt;&#x0d;</text:p>
   <text:p text:style-name="Preformatted_20_Text">&lt;/hal&gt;&#x0d;</text:p>
   <text:p text:style-name="Preformatted_20_Text">&lt;hal format=&quot;hidl&quot;&gt;&#x0d;</text:p>
   <text:p text:style-name="Preformatted_20_Text">&lt;name&gt;android.hardware.memtrack&lt;/name&gt;&#x0d;</text:p>
   <text:p text:style-name="Preformatted_20_Text">&lt;transport&gt;hwbinder&lt;/transport&gt;&#x0d;</text:p>
   <text:p text:style-name="Preformatted_20_Text">&lt;version&gt;1.0&lt;/version&gt;&#x0d;</text:p>
   <text:p text:style-name="Preformatted_20_Text">&lt;interface&gt;&#x0d;</text:p>
   <text:p text:style-name="Preformatted_20_Text">&lt;name&gt;IMemtrack&lt;/name&gt;&#x0d;</text:p>
   <text:p text:style-name="Preformatted_20_Text">&lt;instance&gt;default&lt;/instance&gt;&#x0d;</text:p>
   <text:p text:style-name="Preformatted_20_Text">&lt;/interface&gt;&#x0d;</text:p>
   <text:p text:style-name="Preformatted_20_Text">&lt;/hal&gt;&#x0d;</text:p>
   <text:p text:style-name="Preformatted_20_Text">&lt;hal format=&quot;hidl&quot;&gt;&#x0d;</text:p>
   <text:p text:style-name="Preformatted_20_Text">&lt;name&gt;android.hardware.nfc&lt;/name&gt;&#x0d;</text:p>
   <text:p text:style-name="Preformatted_20_Text">&lt;transport&gt;hwbinder&lt;/transport&gt;&#x0d;</text:p>
   <text:p text:style-name="Preformatted_20_Text"><text:soft-page-break/>&lt;version&gt;1.2&lt;/version&gt;&#x0d;</text:p>
   <text:p text:style-name="Preformatted_20_Text">&lt;interface&gt;&#x0d;</text:p>
   <text:p text:style-name="Preformatted_20_Text">&lt;name&gt;INfc&lt;/name&gt;&#x0d;</text:p>
   <text:p text:style-name="Preformatted_20_Text">&lt;instance&gt;default&lt;/instance&gt;&#x0d;</text:p>
   <text:p text:style-name="Preformatted_20_Text">&lt;/interface&gt;&#x0d;</text:p>
   <text:p text:style-name="Preformatted_20_Text">&lt;/hal&gt;&#x0d;</text:p>
   <text:p text:style-name="Preformatted_20_Text">&lt;hal format=&quot;hidl&quot;&gt;&#x0d;</text:p>
   <text:p text:style-name="Preformatted_20_Text">&lt;name&gt;android.hardware.radio&lt;/name&gt;&#x0d;</text:p>
   <text:p text:style-name="Preformatted_20_Text">&lt;transport&gt;hwbinder&lt;/transport&gt;&#x0d;</text:p>
   <text:p text:style-name="Preformatted_20_Text">&lt;fqname&gt;@1.2::ISap/slot1&lt;/fqname&gt;&#x0d;</text:p>
   <text:p text:style-name="Preformatted_20_Text">&lt;fqname&gt;@1.2::ISap/slot2&lt;/fqname&gt;&#x0d;</text:p>
   <text:p text:style-name="Preformatted_20_Text">&lt;fqname&gt;@1.5::IRadio/slot1&lt;/fqname&gt;&#x0d;</text:p>
   <text:p text:style-name="Preformatted_20_Text">&lt;fqname&gt;@1.5::IRadio/slot2&lt;/fqname&gt;&#x0d;</text:p>
   <text:p text:style-name="Preformatted_20_Text">&lt;/hal&gt;&#x0d;</text:p>
   <text:p text:style-name="Preformatted_20_Text">&lt;hal format=&quot;hidl&quot;&gt;&#x0d;</text:p>
   <text:p text:style-name="Preformatted_20_Text">&lt;name&gt;android.hardware.radio.config&lt;/name&gt;&#x0d;</text:p>
   <text:p text:style-name="Preformatted_20_Text">&lt;transport&gt;hwbinder&lt;/transport&gt;&#x0d;</text:p>
   <text:p text:style-name="Preformatted_20_Text">&lt;version&gt;1.1&lt;/version&gt;&#x0d;</text:p>
   <text:p text:style-name="Preformatted_20_Text">&lt;interface&gt;&#x0d;</text:p>
   <text:p text:style-name="Preformatted_20_Text">&lt;name&gt;IRadioConfig&lt;/name&gt;&#x0d;</text:p>
   <text:p text:style-name="Preformatted_20_Text">&lt;instance&gt;default&lt;/instance&gt;&#x0d;</text:p>
   <text:p text:style-name="Preformatted_20_Text"><text:soft-page-break/>&lt;/interface&gt;&#x0d;</text:p>
   <text:p text:style-name="Preformatted_20_Text">&lt;/hal&gt;&#x0d;</text:p>
   <text:p text:style-name="Preformatted_20_Text">&lt;hal format=&quot;hidl&quot;&gt;&#x0d;</text:p>
   <text:p text:style-name="Preformatted_20_Text">&lt;name&gt;android.hardware.renderscript&lt;/name&gt;&#x0d;</text:p>
   <text:p text:style-name="Preformatted_20_Text">&lt;transport arch=&quot;32+64&quot;&gt;passthrough&lt;/transport&gt;&#x0d;</text:p>
   <text:p text:style-name="Preformatted_20_Text">&lt;version&gt;1.0&lt;/version&gt;&#x0d;</text:p>
   <text:p text:style-name="Preformatted_20_Text">&lt;interface&gt;&#x0d;</text:p>
   <text:p text:style-name="Preformatted_20_Text">&lt;name&gt;IDevice&lt;/name&gt;&#x0d;</text:p>
   <text:p text:style-name="Preformatted_20_Text">&lt;instance&gt;default&lt;/instance&gt;&#x0d;</text:p>
   <text:p text:style-name="Preformatted_20_Text">&lt;/interface&gt;&#x0d;</text:p>
   <text:p text:style-name="Preformatted_20_Text">&lt;/hal&gt;&#x0d;</text:p>
   <text:p text:style-name="Preformatted_20_Text">&lt;hal format=&quot;hidl&quot;&gt;&#x0d;</text:p>
   <text:p text:style-name="Preformatted_20_Text">&lt;name&gt;android.hardware.soundtrigger&lt;/name&gt;&#x0d;</text:p>
   <text:p text:style-name="Preformatted_20_Text">&lt;transport&gt;hwbinder&lt;/transport&gt;&#x0d;</text:p>
   <text:p text:style-name="Preformatted_20_Text">&lt;version&gt;2.1&lt;/version&gt;&#x0d;</text:p>
   <text:p text:style-name="Preformatted_20_Text">&lt;interface&gt;&#x0d;</text:p>
   <text:p text:style-name="Preformatted_20_Text">&lt;name&gt;ISoundTriggerHw&lt;/name&gt;&#x0d;</text:p>
   <text:p text:style-name="Preformatted_20_Text">&lt;instance&gt;default&lt;/instance&gt;&#x0d;</text:p>
   <text:p text:style-name="Preformatted_20_Text">&lt;/interface&gt;&#x0d;</text:p>
   <text:p text:style-name="Preformatted_20_Text">&lt;/hal&gt;&#x0d;</text:p>
   <text:p text:style-name="Preformatted_20_Text">&lt;hal format=&quot;hidl&quot;&gt;&#x0d;</text:p>
   <text:p text:style-name="Preformatted_20_Text"><text:soft-page-break/>&lt;name&gt;android.hardware.tetheroffload.config&lt;/name&gt;&#x0d;</text:p>
   <text:p text:style-name="Preformatted_20_Text">&lt;transport&gt;hwbinder&lt;/transport&gt;&#x0d;</text:p>
   <text:p text:style-name="Preformatted_20_Text">&lt;version&gt;1.0&lt;/version&gt;&#x0d;</text:p>
   <text:p text:style-name="Preformatted_20_Text">&lt;interface&gt;&#x0d;</text:p>
   <text:p text:style-name="Preformatted_20_Text">&lt;name&gt;IOffloadConfig&lt;/name&gt;&#x0d;</text:p>
   <text:p text:style-name="Preformatted_20_Text">&lt;instance&gt;default&lt;/instance&gt;&#x0d;</text:p>
   <text:p text:style-name="Preformatted_20_Text">&lt;/interface&gt;&#x0d;</text:p>
   <text:p text:style-name="Preformatted_20_Text">&lt;/hal&gt;&#x0d;</text:p>
   <text:p text:style-name="Preformatted_20_Text">&lt;hal format=&quot;hidl&quot;&gt;&#x0d;</text:p>
   <text:p text:style-name="Preformatted_20_Text">&lt;name&gt;android.hardware.tetheroffload.control&lt;/name&gt;&#x0d;</text:p>
   <text:p text:style-name="Preformatted_20_Text">&lt;transport&gt;hwbinder&lt;/transport&gt;&#x0d;</text:p>
   <text:p text:style-name="Preformatted_20_Text">&lt;version&gt;1.0&lt;/version&gt;&#x0d;</text:p>
   <text:p text:style-name="Preformatted_20_Text">&lt;interface&gt;&#x0d;</text:p>
   <text:p text:style-name="Preformatted_20_Text">&lt;name&gt;IOffloadControl&lt;/name&gt;&#x0d;</text:p>
   <text:p text:style-name="Preformatted_20_Text">&lt;instance&gt;default&lt;/instance&gt;&#x0d;</text:p>
   <text:p text:style-name="Preformatted_20_Text">&lt;/interface&gt;&#x0d;</text:p>
   <text:p text:style-name="Preformatted_20_Text">&lt;/hal&gt;&#x0d;</text:p>
   <text:p text:style-name="Preformatted_20_Text">&lt;hal format=&quot;hidl&quot;&gt;&#x0d;</text:p>
   <text:p text:style-name="Preformatted_20_Text">&lt;name&gt;com.qualcomm.qti.imscmservice&lt;/name&gt;&#x0d;</text:p>
   <text:p text:style-name="Preformatted_20_Text">&lt;transport&gt;hwbinder&lt;/transport&gt;&#x0d;</text:p>
   <text:p text:style-name="Preformatted_20_Text">&lt;version&gt;2.2&lt;/version&gt;&#x0d;</text:p>
   <text:p text:style-name="Preformatted_20_Text"><text:soft-page-break/>&lt;interface&gt;&#x0d;</text:p>
   <text:p text:style-name="Preformatted_20_Text">&lt;name&gt;IImsCmService&lt;/name&gt;&#x0d;</text:p>
   <text:p text:style-name="Preformatted_20_Text">&lt;instance&gt;qti.ims.connectionmanagerservice&lt;/instance&gt;&#x0d;</text:p>
   <text:p text:style-name="Preformatted_20_Text">&lt;/interface&gt;&#x0d;</text:p>
   <text:p text:style-name="Preformatted_20_Text">&lt;/hal&gt;&#x0d;</text:p>
   <text:p text:style-name="Preformatted_20_Text">&lt;hal format=&quot;hidl&quot;&gt;&#x0d;</text:p>
   <text:p text:style-name="Preformatted_20_Text">&lt;name&gt;com.qualcomm.qti.uceservice&lt;/name&gt;&#x0d;</text:p>
   <text:p text:style-name="Preformatted_20_Text">&lt;transport&gt;hwbinder&lt;/transport&gt;&#x0d;</text:p>
   <text:p text:style-name="Preformatted_20_Text">&lt;version&gt;2.2&lt;/version&gt;&#x0d;</text:p>
   <text:p text:style-name="Preformatted_20_Text">&lt;interface&gt;&#x0d;</text:p>
   <text:p text:style-name="Preformatted_20_Text">&lt;name&gt;IUceService&lt;/name&gt;&#x0d;</text:p>
   <text:p text:style-name="Preformatted_20_Text">&lt;instance&gt;com.qualcomm.qti.uceservice&lt;/instance&gt;&#x0d;</text:p>
   <text:p text:style-name="Preformatted_20_Text">&lt;/interface&gt;&#x0d;</text:p>
   <text:p text:style-name="Preformatted_20_Text">&lt;/hal&gt;&#x0d;</text:p>
   <text:p text:style-name="Preformatted_20_Text">&lt;hal format=&quot;hidl&quot;&gt;&#x0d;</text:p>
   <text:p text:style-name="Preformatted_20_Text">&lt;name&gt;vendor.display.color&lt;/name&gt;&#x0d;</text:p>
   <text:p text:style-name="Preformatted_20_Text">&lt;transport&gt;hwbinder&lt;/transport&gt;&#x0d;</text:p>
   <text:p text:style-name="Preformatted_20_Text">&lt;version&gt;1.3&lt;/version&gt;&#x0d;</text:p>
   <text:p text:style-name="Preformatted_20_Text">&lt;interface&gt;&#x0d;</text:p>
   <text:p text:style-name="Preformatted_20_Text">&lt;name&gt;IDisplayColor&lt;/name&gt;&#x0d;</text:p>
   <text:p text:style-name="Preformatted_20_Text">&lt;instance&gt;default&lt;/instance&gt;&#x0d;</text:p>
   <text:p text:style-name="Preformatted_20_Text"><text:soft-page-break/>&lt;/interface&gt;&#x0d;</text:p>
   <text:p text:style-name="Preformatted_20_Text">&lt;/hal&gt;&#x0d;</text:p>
   <text:p text:style-name="Preformatted_20_Text">&lt;hal format=&quot;hidl&quot;&gt;&#x0d;</text:p>
   <text:p text:style-name="Preformatted_20_Text">&lt;name&gt;vendor.display.postproc&lt;/name&gt;&#x0d;</text:p>
   <text:p text:style-name="Preformatted_20_Text">&lt;transport&gt;hwbinder&lt;/transport&gt;&#x0d;</text:p>
   <text:p text:style-name="Preformatted_20_Text">&lt;version&gt;1.0&lt;/version&gt;&#x0d;</text:p>
   <text:p text:style-name="Preformatted_20_Text">&lt;interface&gt;&#x0d;</text:p>
   <text:p text:style-name="Preformatted_20_Text">&lt;name&gt;IDisplayPostproc&lt;/name&gt;&#x0d;</text:p>
   <text:p text:style-name="Preformatted_20_Text">&lt;instance&gt;default&lt;/instance&gt;&#x0d;</text:p>
   <text:p text:style-name="Preformatted_20_Text">&lt;/interface&gt;&#x0d;</text:p>
   <text:p text:style-name="Preformatted_20_Text">&lt;/hal&gt;&#x0d;</text:p>
   <text:p text:style-name="Preformatted_20_Text">&lt;hal format=&quot;hidl&quot;&gt;&#x0d;</text:p>
   <text:p text:style-name="Preformatted_20_Text">&lt;name&gt;vendor.dolby.hardware.dms&lt;/name&gt;&#x0d;</text:p>
   <text:p text:style-name="Preformatted_20_Text">&lt;transport&gt;hwbinder&lt;/transport&gt;&#x0d;</text:p>
   <text:p text:style-name="Preformatted_20_Text">&lt;version&gt;2.0&lt;/version&gt;&#x0d;</text:p>
   <text:p text:style-name="Preformatted_20_Text">&lt;interface&gt;&#x0d;</text:p>
   <text:p text:style-name="Preformatted_20_Text">&lt;name&gt;IDms&lt;/name&gt;&#x0d;</text:p>
   <text:p text:style-name="Preformatted_20_Text">&lt;instance&gt;default&lt;/instance&gt;&#x0d;</text:p>
   <text:p text:style-name="Preformatted_20_Text">&lt;/interface&gt;&#x0d;</text:p>
   <text:p text:style-name="Preformatted_20_Text">&lt;/hal&gt;&#x0d;</text:p>
   <text:p text:style-name="Preformatted_20_Text">&lt;hal format=&quot;hidl&quot;&gt;&#x0d;</text:p>
   <text:p text:style-name="Preformatted_20_Text"><text:soft-page-break/>&lt;name&gt;vendor.nxp.nxpnfc&lt;/name&gt;&#x0d;</text:p>
   <text:p text:style-name="Preformatted_20_Text">&lt;transport&gt;hwbinder&lt;/transport&gt;&#x0d;</text:p>
   <text:p text:style-name="Preformatted_20_Text">&lt;version&gt;1.0&lt;/version&gt;&#x0d;</text:p>
   <text:p text:style-name="Preformatted_20_Text">&lt;interface&gt;&#x0d;</text:p>
   <text:p text:style-name="Preformatted_20_Text">&lt;name&gt;INxpNfc&lt;/name&gt;&#x0d;</text:p>
   <text:p text:style-name="Preformatted_20_Text">&lt;instance&gt;default&lt;/instance&gt;&#x0d;</text:p>
   <text:p text:style-name="Preformatted_20_Text">&lt;/interface&gt;&#x0d;</text:p>
   <text:p text:style-name="Preformatted_20_Text">&lt;/hal&gt;&#x0d;</text:p>
   <text:p text:style-name="Preformatted_20_Text">&lt;hal format=&quot;hidl&quot;&gt;&#x0d;</text:p>
   <text:p text:style-name="Preformatted_20_Text">&lt;name&gt;vendor.oneplus.engnative.engineer&lt;/name&gt;&#x0d;</text:p>
   <text:p text:style-name="Preformatted_20_Text">&lt;transport&gt;hwbinder&lt;/transport&gt;&#x0d;</text:p>
   <text:p text:style-name="Preformatted_20_Text">&lt;version&gt;1.0&lt;/version&gt;&#x0d;</text:p>
   <text:p text:style-name="Preformatted_20_Text">&lt;interface&gt;&#x0d;</text:p>
   <text:p text:style-name="Preformatted_20_Text">&lt;name&gt;IEngineer&lt;/name&gt;&#x0d;</text:p>
   <text:p text:style-name="Preformatted_20_Text">&lt;instance&gt;default&lt;/instance&gt;&#x0d;</text:p>
   <text:p text:style-name="Preformatted_20_Text">&lt;/interface&gt;&#x0d;</text:p>
   <text:p text:style-name="Preformatted_20_Text">&lt;/hal&gt;&#x0d;</text:p>
   <text:p text:style-name="Preformatted_20_Text">&lt;hal format=&quot;hidl&quot;&gt;&#x0d;</text:p>
   <text:p text:style-name="Preformatted_20_Text">&lt;name&gt;vendor.oneplus.faceunlock.hal&lt;/name&gt;&#x0d;</text:p>
   <text:p text:style-name="Preformatted_20_Text">&lt;transport&gt;hwbinder&lt;/transport&gt;&#x0d;</text:p>
   <text:p text:style-name="Preformatted_20_Text">&lt;version&gt;1.0&lt;/version&gt;&#x0d;</text:p>
   <text:p text:style-name="Preformatted_20_Text"><text:soft-page-break/>&lt;interface&gt;&#x0d;</text:p>
   <text:p text:style-name="Preformatted_20_Text">&lt;name&gt;IFaceUnlockNativeService&lt;/name&gt;&#x0d;</text:p>
   <text:p text:style-name="Preformatted_20_Text">&lt;instance&gt;default&lt;/instance&gt;&#x0d;</text:p>
   <text:p text:style-name="Preformatted_20_Text">&lt;/interface&gt;&#x0d;</text:p>
   <text:p text:style-name="Preformatted_20_Text">&lt;/hal&gt;&#x0d;</text:p>
   <text:p text:style-name="Preformatted_20_Text">&lt;hal format=&quot;hidl&quot;&gt;&#x0d;</text:p>
   <text:p text:style-name="Preformatted_20_Text">&lt;name&gt;vendor.oneplus.fingerprint.extension&lt;/name&gt;&#x0d;</text:p>
   <text:p text:style-name="Preformatted_20_Text">&lt;transport&gt;hwbinder&lt;/transport&gt;&#x0d;</text:p>
   <text:p text:style-name="Preformatted_20_Text">&lt;version&gt;1.0&lt;/version&gt;&#x0d;</text:p>
   <text:p text:style-name="Preformatted_20_Text">&lt;interface&gt;&#x0d;</text:p>
   <text:p text:style-name="Preformatted_20_Text">&lt;name&gt;IVendorFingerprintExtensions&lt;/name&gt;&#x0d;</text:p>
   <text:p text:style-name="Preformatted_20_Text">&lt;instance&gt;default&lt;/instance&gt;&#x0d;</text:p>
   <text:p text:style-name="Preformatted_20_Text">&lt;/interface&gt;&#x0d;</text:p>
   <text:p text:style-name="Preformatted_20_Text">&lt;/hal&gt;&#x0d;</text:p>
   <text:p text:style-name="Preformatted_20_Text">&lt;hal format=&quot;hidl&quot;&gt;&#x0d;</text:p>
   <text:p text:style-name="Preformatted_20_Text">&lt;name&gt;vendor.oneplus.hardware.CameraMDMHIDL&lt;/name&gt;&#x0d;</text:p>
   <text:p text:style-name="Preformatted_20_Text">&lt;transport&gt;hwbinder&lt;/transport&gt;&#x0d;</text:p>
   <text:p text:style-name="Preformatted_20_Text">&lt;version&gt;1.0&lt;/version&gt;&#x0d;</text:p>
   <text:p text:style-name="Preformatted_20_Text">&lt;interface&gt;&#x0d;</text:p>
   <text:p text:style-name="Preformatted_20_Text">&lt;name&gt;IOnePlusCameraMDM&lt;/name&gt;&#x0d;</text:p>
   <text:p text:style-name="Preformatted_20_Text">&lt;instance&gt;default&lt;/instance&gt;&#x0d;</text:p>
   <text:p text:style-name="Preformatted_20_Text"><text:soft-page-break/>&lt;/interface&gt;&#x0d;</text:p>
   <text:p text:style-name="Preformatted_20_Text">&lt;/hal&gt;&#x0d;</text:p>
   <text:p text:style-name="Preformatted_20_Text">&lt;hal format=&quot;hidl&quot;&gt;&#x0d;</text:p>
   <text:p text:style-name="Preformatted_20_Text">&lt;name&gt;vendor.oneplus.hardware.camera&lt;/name&gt;&#x0d;</text:p>
   <text:p text:style-name="Preformatted_20_Text">&lt;transport&gt;hwbinder&lt;/transport&gt;&#x0d;</text:p>
   <text:p text:style-name="Preformatted_20_Text">&lt;version&gt;1.0&lt;/version&gt;&#x0d;</text:p>
   <text:p text:style-name="Preformatted_20_Text">&lt;interface&gt;&#x0d;</text:p>
   <text:p text:style-name="Preformatted_20_Text">&lt;name&gt;IOnePlusCameraProvider&lt;/name&gt;&#x0d;</text:p>
   <text:p text:style-name="Preformatted_20_Text">&lt;instance&gt;default&lt;/instance&gt;&#x0d;</text:p>
   <text:p text:style-name="Preformatted_20_Text">&lt;/interface&gt;&#x0d;</text:p>
   <text:p text:style-name="Preformatted_20_Text">&lt;/hal&gt;&#x0d;</text:p>
   <text:p text:style-name="Preformatted_20_Text">&lt;hal format=&quot;hidl&quot;&gt;&#x0d;</text:p>
   <text:p text:style-name="Preformatted_20_Text">&lt;name&gt;vendor.oneplus.hardware.display&lt;/name&gt;&#x0d;</text:p>
   <text:p text:style-name="Preformatted_20_Text">&lt;transport&gt;hwbinder&lt;/transport&gt;&#x0d;</text:p>
   <text:p text:style-name="Preformatted_20_Text">&lt;version&gt;1.0&lt;/version&gt;&#x0d;</text:p>
   <text:p text:style-name="Preformatted_20_Text">&lt;interface&gt;&#x0d;</text:p>
   <text:p text:style-name="Preformatted_20_Text">&lt;name&gt;IOneplusDisplay&lt;/name&gt;&#x0d;</text:p>
   <text:p text:style-name="Preformatted_20_Text">&lt;instance&gt;default&lt;/instance&gt;&#x0d;</text:p>
   <text:p text:style-name="Preformatted_20_Text">&lt;/interface&gt;&#x0d;</text:p>
   <text:p text:style-name="Preformatted_20_Text">&lt;/hal&gt;&#x0d;</text:p>
   <text:p text:style-name="Preformatted_20_Text">&lt;hal format=&quot;hidl&quot;&gt;&#x0d;</text:p>
   <text:p text:style-name="Preformatted_20_Text"><text:soft-page-break/>&lt;name&gt;vendor.oneplus.hardware.drmkey&lt;/name&gt;&#x0d;</text:p>
   <text:p text:style-name="Preformatted_20_Text">&lt;transport&gt;hwbinder&lt;/transport&gt;&#x0d;</text:p>
   <text:p text:style-name="Preformatted_20_Text">&lt;version&gt;1.0&lt;/version&gt;&#x0d;</text:p>
   <text:p text:style-name="Preformatted_20_Text">&lt;interface&gt;&#x0d;</text:p>
   <text:p text:style-name="Preformatted_20_Text">&lt;name&gt;IOneplusDrmKey&lt;/name&gt;&#x0d;</text:p>
   <text:p text:style-name="Preformatted_20_Text">&lt;instance&gt;default&lt;/instance&gt;&#x0d;</text:p>
   <text:p text:style-name="Preformatted_20_Text">&lt;/interface&gt;&#x0d;</text:p>
   <text:p text:style-name="Preformatted_20_Text">&lt;/hal&gt;&#x0d;</text:p>
   <text:p text:style-name="Preformatted_20_Text">&lt;hal format=&quot;hidl&quot;&gt;&#x0d;</text:p>
   <text:p text:style-name="Preformatted_20_Text">&lt;name&gt;vendor.oneplus.hardware.hdcpkey&lt;/name&gt;&#x0d;</text:p>
   <text:p text:style-name="Preformatted_20_Text">&lt;transport&gt;hwbinder&lt;/transport&gt;&#x0d;</text:p>
   <text:p text:style-name="Preformatted_20_Text">&lt;version&gt;1.0&lt;/version&gt;&#x0d;</text:p>
   <text:p text:style-name="Preformatted_20_Text">&lt;interface&gt;&#x0d;</text:p>
   <text:p text:style-name="Preformatted_20_Text">&lt;name&gt;IOneplusHdcpKey&lt;/name&gt;&#x0d;</text:p>
   <text:p text:style-name="Preformatted_20_Text">&lt;instance&gt;default&lt;/instance&gt;&#x0d;</text:p>
   <text:p text:style-name="Preformatted_20_Text">&lt;/interface&gt;&#x0d;</text:p>
   <text:p text:style-name="Preformatted_20_Text">&lt;/hal&gt;&#x0d;</text:p>
   <text:p text:style-name="Preformatted_20_Text">&lt;hal format=&quot;hidl&quot;&gt;&#x0d;</text:p>
   <text:p text:style-name="Preformatted_20_Text">&lt;name&gt;vendor.oneplus.hardware.hypnus&lt;/name&gt;&#x0d;</text:p>
   <text:p text:style-name="Preformatted_20_Text">&lt;transport&gt;hwbinder&lt;/transport&gt;&#x0d;</text:p>
   <text:p text:style-name="Preformatted_20_Text">&lt;version&gt;1.0&lt;/version&gt;&#x0d;</text:p>
   <text:p text:style-name="Preformatted_20_Text"><text:soft-page-break/>&lt;interface&gt;&#x0d;</text:p>
   <text:p text:style-name="Preformatted_20_Text">&lt;name&gt;IHypnusUtil&lt;/name&gt;&#x0d;</text:p>
   <text:p text:style-name="Preformatted_20_Text">&lt;instance&gt;default&lt;/instance&gt;&#x0d;</text:p>
   <text:p text:style-name="Preformatted_20_Text">&lt;/interface&gt;&#x0d;</text:p>
   <text:p text:style-name="Preformatted_20_Text">&lt;/hal&gt;&#x0d;</text:p>
   <text:p text:style-name="Preformatted_20_Text">&lt;hal format=&quot;hidl&quot;&gt;&#x0d;</text:p>
   <text:p text:style-name="Preformatted_20_Text">&lt;name&gt;vendor.oneplus.hardware.ifaa&lt;/name&gt;&#x0d;</text:p>
   <text:p text:style-name="Preformatted_20_Text">&lt;transport&gt;hwbinder&lt;/transport&gt;&#x0d;</text:p>
   <text:p text:style-name="Preformatted_20_Text">&lt;version&gt;2.0&lt;/version&gt;&#x0d;</text:p>
   <text:p text:style-name="Preformatted_20_Text">&lt;interface&gt;&#x0d;</text:p>
   <text:p text:style-name="Preformatted_20_Text">&lt;name&gt;IOneplusIfaa&lt;/name&gt;&#x0d;</text:p>
   <text:p text:style-name="Preformatted_20_Text">&lt;instance&gt;default&lt;/instance&gt;&#x0d;</text:p>
   <text:p text:style-name="Preformatted_20_Text">&lt;/interface&gt;&#x0d;</text:p>
   <text:p text:style-name="Preformatted_20_Text">&lt;fqname&gt;@2.0::IOneplusIfaa/default&lt;/fqname&gt;&#x0d;</text:p>
   <text:p text:style-name="Preformatted_20_Text">&lt;/hal&gt;&#x0d;</text:p>
   <text:p text:style-name="Preformatted_20_Text">&lt;hal format=&quot;hidl&quot;&gt;&#x0d;</text:p>
   <text:p text:style-name="Preformatted_20_Text">&lt;name&gt;vendor.oneplus.hardware.lmvibrator&lt;/name&gt;&#x0d;</text:p>
   <text:p text:style-name="Preformatted_20_Text">&lt;transport&gt;hwbinder&lt;/transport&gt;&#x0d;</text:p>
   <text:p text:style-name="Preformatted_20_Text">&lt;version&gt;1.0&lt;/version&gt;&#x0d;</text:p>
   <text:p text:style-name="Preformatted_20_Text">&lt;interface&gt;&#x0d;</text:p>
   <text:p text:style-name="Preformatted_20_Text">&lt;name&gt;ILinearMotorVibrator&lt;/name&gt;&#x0d;</text:p>
   <text:p text:style-name="Preformatted_20_Text"><text:soft-page-break/>&lt;instance&gt;default&lt;/instance&gt;&#x0d;</text:p>
   <text:p text:style-name="Preformatted_20_Text">&lt;/interface&gt;&#x0d;</text:p>
   <text:p text:style-name="Preformatted_20_Text">&lt;/hal&gt;&#x0d;</text:p>
   <text:p text:style-name="Preformatted_20_Text">&lt;hal format=&quot;hidl&quot;&gt;&#x0d;</text:p>
   <text:p text:style-name="Preformatted_20_Text">&lt;name&gt;vendor.oneplus.hardware.motorcontrol&lt;/name&gt;&#x0d;</text:p>
   <text:p text:style-name="Preformatted_20_Text">&lt;transport&gt;hwbinder&lt;/transport&gt;&#x0d;</text:p>
   <text:p text:style-name="Preformatted_20_Text">&lt;version&gt;1.0&lt;/version&gt;&#x0d;</text:p>
   <text:p text:style-name="Preformatted_20_Text">&lt;interface&gt;&#x0d;</text:p>
   <text:p text:style-name="Preformatted_20_Text">&lt;name&gt;IOPMotorControl&lt;/name&gt;&#x0d;</text:p>
   <text:p text:style-name="Preformatted_20_Text">&lt;instance&gt;default&lt;/instance&gt;&#x0d;</text:p>
   <text:p text:style-name="Preformatted_20_Text">&lt;/interface&gt;&#x0d;</text:p>
   <text:p text:style-name="Preformatted_20_Text">&lt;/hal&gt;&#x0d;</text:p>
   <text:p text:style-name="Preformatted_20_Text">&lt;hal format=&quot;hidl&quot;&gt;&#x0d;</text:p>
   <text:p text:style-name="Preformatted_20_Text">&lt;name&gt;vendor.oneplus.hardware.param&lt;/name&gt;&#x0d;</text:p>
   <text:p text:style-name="Preformatted_20_Text">&lt;transport&gt;hwbinder&lt;/transport&gt;&#x0d;</text:p>
   <text:p text:style-name="Preformatted_20_Text">&lt;version&gt;1.0&lt;/version&gt;&#x0d;</text:p>
   <text:p text:style-name="Preformatted_20_Text">&lt;interface&gt;&#x0d;</text:p>
   <text:p text:style-name="Preformatted_20_Text">&lt;name&gt;IOneplusParam&lt;/name&gt;&#x0d;</text:p>
   <text:p text:style-name="Preformatted_20_Text">&lt;instance&gt;default&lt;/instance&gt;&#x0d;</text:p>
   <text:p text:style-name="Preformatted_20_Text">&lt;/interface&gt;&#x0d;</text:p>
   <text:p text:style-name="Preformatted_20_Text">&lt;/hal&gt;&#x0d;</text:p>
   <text:p text:style-name="Preformatted_20_Text"><text:soft-page-break/>&lt;hal format=&quot;hidl&quot;&gt;&#x0d;</text:p>
   <text:p text:style-name="Preformatted_20_Text">&lt;name&gt;vendor.oneplus.hardware.rpmb&lt;/name&gt;&#x0d;</text:p>
   <text:p text:style-name="Preformatted_20_Text">&lt;transport&gt;hwbinder&lt;/transport&gt;&#x0d;</text:p>
   <text:p text:style-name="Preformatted_20_Text">&lt;version&gt;1.0&lt;/version&gt;&#x0d;</text:p>
   <text:p text:style-name="Preformatted_20_Text">&lt;interface&gt;&#x0d;</text:p>
   <text:p text:style-name="Preformatted_20_Text">&lt;name&gt;IOneplusRpmb&lt;/name&gt;&#x0d;</text:p>
   <text:p text:style-name="Preformatted_20_Text">&lt;instance&gt;default&lt;/instance&gt;&#x0d;</text:p>
   <text:p text:style-name="Preformatted_20_Text">&lt;/interface&gt;&#x0d;</text:p>
   <text:p text:style-name="Preformatted_20_Text">&lt;/hal&gt;&#x0d;</text:p>
   <text:p text:style-name="Preformatted_20_Text">&lt;hal format=&quot;hidl&quot;&gt;&#x0d;</text:p>
   <text:p text:style-name="Preformatted_20_Text">&lt;name&gt;vendor.oneplus.hardware.wifi&lt;/name&gt;&#x0d;</text:p>
   <text:p text:style-name="Preformatted_20_Text">&lt;transport&gt;hwbinder&lt;/transport&gt;&#x0d;</text:p>
   <text:p text:style-name="Preformatted_20_Text">&lt;version&gt;1.1&lt;/version&gt;&#x0d;</text:p>
   <text:p text:style-name="Preformatted_20_Text">&lt;interface&gt;&#x0d;</text:p>
   <text:p text:style-name="Preformatted_20_Text">&lt;name&gt;IOneplusWifi&lt;/name&gt;&#x0d;</text:p>
   <text:p text:style-name="Preformatted_20_Text">&lt;instance&gt;default&lt;/instance&gt;&#x0d;</text:p>
   <text:p text:style-name="Preformatted_20_Text">&lt;/interface&gt;&#x0d;</text:p>
   <text:p text:style-name="Preformatted_20_Text">&lt;/hal&gt;&#x0d;</text:p>
   <text:p text:style-name="Preformatted_20_Text">&lt;hal format=&quot;hidl&quot;&gt;&#x0d;</text:p>
   <text:p text:style-name="Preformatted_20_Text">&lt;name&gt;vendor.qti.data.factory&lt;/name&gt;&#x0d;</text:p>
   <text:p text:style-name="Preformatted_20_Text">&lt;transport&gt;hwbinder&lt;/transport&gt;&#x0d;</text:p>
   <text:p text:style-name="Preformatted_20_Text"><text:soft-page-break/>&lt;version&gt;2.1&lt;/version&gt;&#x0d;</text:p>
   <text:p text:style-name="Preformatted_20_Text">&lt;interface&gt;&#x0d;</text:p>
   <text:p text:style-name="Preformatted_20_Text">&lt;name&gt;IFactory&lt;/name&gt;&#x0d;</text:p>
   <text:p text:style-name="Preformatted_20_Text">&lt;instance&gt;default&lt;/instance&gt;&#x0d;</text:p>
   <text:p text:style-name="Preformatted_20_Text">&lt;/interface&gt;&#x0d;</text:p>
   <text:p text:style-name="Preformatted_20_Text">&lt;/hal&gt;&#x0d;</text:p>
   <text:p text:style-name="Preformatted_20_Text">&lt;hal format=&quot;hidl&quot;&gt;&#x0d;</text:p>
   <text:p text:style-name="Preformatted_20_Text">&lt;name&gt;vendor.qti.esepowermanager&lt;/name&gt;&#x0d;</text:p>
   <text:p text:style-name="Preformatted_20_Text">&lt;transport&gt;hwbinder&lt;/transport&gt;&#x0d;</text:p>
   <text:p text:style-name="Preformatted_20_Text">&lt;version&gt;1.1&lt;/version&gt;&#x0d;</text:p>
   <text:p text:style-name="Preformatted_20_Text">&lt;interface&gt;&#x0d;</text:p>
   <text:p text:style-name="Preformatted_20_Text">&lt;name&gt;IEsePowerManager&lt;/name&gt;&#x0d;</text:p>
   <text:p text:style-name="Preformatted_20_Text">&lt;instance&gt;default&lt;/instance&gt;&#x0d;</text:p>
   <text:p text:style-name="Preformatted_20_Text">&lt;/interface&gt;&#x0d;</text:p>
   <text:p text:style-name="Preformatted_20_Text">&lt;/hal&gt;&#x0d;</text:p>
   <text:p text:style-name="Preformatted_20_Text">&lt;hal format=&quot;hidl&quot;&gt;&#x0d;</text:p>
   <text:p text:style-name="Preformatted_20_Text">&lt;name&gt;vendor.qti.hardware.alarm&lt;/name&gt;&#x0d;</text:p>
   <text:p text:style-name="Preformatted_20_Text">&lt;transport&gt;hwbinder&lt;/transport&gt;&#x0d;</text:p>
   <text:p text:style-name="Preformatted_20_Text">&lt;version&gt;1.0&lt;/version&gt;&#x0d;</text:p>
   <text:p text:style-name="Preformatted_20_Text">&lt;interface&gt;&#x0d;</text:p>
   <text:p text:style-name="Preformatted_20_Text">&lt;name&gt;IAlarm&lt;/name&gt;&#x0d;</text:p>
   <text:p text:style-name="Preformatted_20_Text"><text:soft-page-break/>&lt;instance&gt;default&lt;/instance&gt;&#x0d;</text:p>
   <text:p text:style-name="Preformatted_20_Text">&lt;/interface&gt;&#x0d;</text:p>
   <text:p text:style-name="Preformatted_20_Text">&lt;/hal&gt;&#x0d;</text:p>
   <text:p text:style-name="Preformatted_20_Text">&lt;hal format=&quot;hidl&quot;&gt;&#x0d;</text:p>
   <text:p text:style-name="Preformatted_20_Text">&lt;name&gt;vendor.qti.hardware.audiohalext&lt;/name&gt;&#x0d;</text:p>
   <text:p text:style-name="Preformatted_20_Text">&lt;transport&gt;hwbinder&lt;/transport&gt;&#x0d;</text:p>
   <text:p text:style-name="Preformatted_20_Text">&lt;version&gt;1.0&lt;/version&gt;&#x0d;</text:p>
   <text:p text:style-name="Preformatted_20_Text">&lt;interface&gt;&#x0d;</text:p>
   <text:p text:style-name="Preformatted_20_Text">&lt;name&gt;IAudioHalExt&lt;/name&gt;&#x0d;</text:p>
   <text:p text:style-name="Preformatted_20_Text">&lt;instance&gt;default&lt;/instance&gt;&#x0d;</text:p>
   <text:p text:style-name="Preformatted_20_Text">&lt;/interface&gt;&#x0d;</text:p>
   <text:p text:style-name="Preformatted_20_Text">&lt;/hal&gt;&#x0d;</text:p>
   <text:p text:style-name="Preformatted_20_Text">&lt;hal format=&quot;hidl&quot;&gt;&#x0d;</text:p>
   <text:p text:style-name="Preformatted_20_Text">&lt;name&gt;vendor.qti.hardware.bluetooth_sar&lt;/name&gt;&#x0d;</text:p>
   <text:p text:style-name="Preformatted_20_Text">&lt;transport&gt;hwbinder&lt;/transport&gt;&#x0d;</text:p>
   <text:p text:style-name="Preformatted_20_Text">&lt;version&gt;1.1&lt;/version&gt;&#x0d;</text:p>
   <text:p text:style-name="Preformatted_20_Text">&lt;interface&gt;&#x0d;</text:p>
   <text:p text:style-name="Preformatted_20_Text">&lt;name&gt;IBluetoothSar&lt;/name&gt;&#x0d;</text:p>
   <text:p text:style-name="Preformatted_20_Text">&lt;instance&gt;default&lt;/instance&gt;&#x0d;</text:p>
   <text:p text:style-name="Preformatted_20_Text">&lt;/interface&gt;&#x0d;</text:p>
   <text:p text:style-name="Preformatted_20_Text">&lt;/hal&gt;&#x0d;</text:p>
   <text:p text:style-name="Preformatted_20_Text"><text:soft-page-break/>&lt;hal format=&quot;hidl&quot;&gt;&#x0d;</text:p>
   <text:p text:style-name="Preformatted_20_Text">&lt;name&gt;vendor.qti.hardware.cacert&lt;/name&gt;&#x0d;</text:p>
   <text:p text:style-name="Preformatted_20_Text">&lt;transport&gt;hwbinder&lt;/transport&gt;&#x0d;</text:p>
   <text:p text:style-name="Preformatted_20_Text">&lt;version&gt;1.0&lt;/version&gt;&#x0d;</text:p>
   <text:p text:style-name="Preformatted_20_Text">&lt;interface&gt;&#x0d;</text:p>
   <text:p text:style-name="Preformatted_20_Text">&lt;name&gt;IService&lt;/name&gt;&#x0d;</text:p>
   <text:p text:style-name="Preformatted_20_Text">&lt;instance&gt;default&lt;/instance&gt;&#x0d;</text:p>
   <text:p text:style-name="Preformatted_20_Text">&lt;/interface&gt;&#x0d;</text:p>
   <text:p text:style-name="Preformatted_20_Text">&lt;/hal&gt;&#x0d;</text:p>
   <text:p text:style-name="Preformatted_20_Text">&lt;hal format=&quot;hidl&quot;&gt;&#x0d;</text:p>
   <text:p text:style-name="Preformatted_20_Text">&lt;name&gt;vendor.qti.hardware.capabilityconfigstore&lt;/name&gt;&#x0d;</text:p>
   <text:p text:style-name="Preformatted_20_Text">&lt;transport&gt;hwbinder&lt;/transport&gt;&#x0d;</text:p>
   <text:p text:style-name="Preformatted_20_Text">&lt;version&gt;1.0&lt;/version&gt;&#x0d;</text:p>
   <text:p text:style-name="Preformatted_20_Text">&lt;interface&gt;&#x0d;</text:p>
   <text:p text:style-name="Preformatted_20_Text">&lt;name&gt;ICapabilityConfigStore&lt;/name&gt;&#x0d;</text:p>
   <text:p text:style-name="Preformatted_20_Text">&lt;instance&gt;default&lt;/instance&gt;&#x0d;</text:p>
   <text:p text:style-name="Preformatted_20_Text">&lt;/interface&gt;&#x0d;</text:p>
   <text:p text:style-name="Preformatted_20_Text">&lt;/hal&gt;&#x0d;</text:p>
   <text:p text:style-name="Preformatted_20_Text">&lt;hal format=&quot;hidl&quot;&gt;&#x0d;</text:p>
   <text:p text:style-name="Preformatted_20_Text">&lt;name&gt;vendor.qti.hardware.cryptfshw&lt;/name&gt;&#x0d;</text:p>
   <text:p text:style-name="Preformatted_20_Text">&lt;transport&gt;hwbinder&lt;/transport&gt;&#x0d;</text:p>
   <text:p text:style-name="Preformatted_20_Text"><text:soft-page-break/>&lt;version&gt;1.0&lt;/version&gt;&#x0d;</text:p>
   <text:p text:style-name="Preformatted_20_Text">&lt;interface&gt;&#x0d;</text:p>
   <text:p text:style-name="Preformatted_20_Text">&lt;name&gt;ICryptfsHw&lt;/name&gt;&#x0d;</text:p>
   <text:p text:style-name="Preformatted_20_Text">&lt;instance&gt;default&lt;/instance&gt;&#x0d;</text:p>
   <text:p text:style-name="Preformatted_20_Text">&lt;/interface&gt;&#x0d;</text:p>
   <text:p text:style-name="Preformatted_20_Text">&lt;/hal&gt;&#x0d;</text:p>
   <text:p text:style-name="Preformatted_20_Text">&lt;hal format=&quot;hidl&quot;&gt;&#x0d;</text:p>
   <text:p text:style-name="Preformatted_20_Text">&lt;name&gt;vendor.qti.hardware.data.connection&lt;/name&gt;&#x0d;</text:p>
   <text:p text:style-name="Preformatted_20_Text">&lt;transport&gt;hwbinder&lt;/transport&gt;&#x0d;</text:p>
   <text:p text:style-name="Preformatted_20_Text">&lt;version&gt;1.1&lt;/version&gt;&#x0d;</text:p>
   <text:p text:style-name="Preformatted_20_Text">&lt;interface&gt;&#x0d;</text:p>
   <text:p text:style-name="Preformatted_20_Text">&lt;name&gt;IDataConnection&lt;/name&gt;&#x0d;</text:p>
   <text:p text:style-name="Preformatted_20_Text">&lt;instance&gt;slot1&lt;/instance&gt;&#x0d;</text:p>
   <text:p text:style-name="Preformatted_20_Text">&lt;instance&gt;slot2&lt;/instance&gt;&#x0d;</text:p>
   <text:p text:style-name="Preformatted_20_Text">&lt;/interface&gt;&#x0d;</text:p>
   <text:p text:style-name="Preformatted_20_Text">&lt;/hal&gt;&#x0d;</text:p>
   <text:p text:style-name="Preformatted_20_Text">&lt;hal format=&quot;hidl&quot;&gt;&#x0d;</text:p>
   <text:p text:style-name="Preformatted_20_Text">&lt;name&gt;vendor.qti.hardware.data.iwlan&lt;/name&gt;&#x0d;</text:p>
   <text:p text:style-name="Preformatted_20_Text">&lt;transport&gt;hwbinder&lt;/transport&gt;&#x0d;</text:p>
   <text:p text:style-name="Preformatted_20_Text">&lt;version&gt;1.0&lt;/version&gt;&#x0d;</text:p>
   <text:p text:style-name="Preformatted_20_Text">&lt;interface&gt;&#x0d;</text:p>
   <text:p text:style-name="Preformatted_20_Text"><text:soft-page-break/>&lt;name&gt;IIWlan&lt;/name&gt;&#x0d;</text:p>
   <text:p text:style-name="Preformatted_20_Text">&lt;instance&gt;slot1&lt;/instance&gt;&#x0d;</text:p>
   <text:p text:style-name="Preformatted_20_Text">&lt;instance&gt;slot2&lt;/instance&gt;&#x0d;</text:p>
   <text:p text:style-name="Preformatted_20_Text">&lt;/interface&gt;&#x0d;</text:p>
   <text:p text:style-name="Preformatted_20_Text">&lt;/hal&gt;&#x0d;</text:p>
   <text:p text:style-name="Preformatted_20_Text">&lt;hal format=&quot;hidl&quot;&gt;&#x0d;</text:p>
   <text:p text:style-name="Preformatted_20_Text">&lt;name&gt;vendor.qti.hardware.dsp&lt;/name&gt;&#x0d;</text:p>
   <text:p text:style-name="Preformatted_20_Text">&lt;transport&gt;hwbinder&lt;/transport&gt;&#x0d;</text:p>
   <text:p text:style-name="Preformatted_20_Text">&lt;version&gt;1.0&lt;/version&gt;&#x0d;</text:p>
   <text:p text:style-name="Preformatted_20_Text">&lt;interface&gt;&#x0d;</text:p>
   <text:p text:style-name="Preformatted_20_Text">&lt;name&gt;IDspService&lt;/name&gt;&#x0d;</text:p>
   <text:p text:style-name="Preformatted_20_Text">&lt;instance&gt;dspservice&lt;/instance&gt;&#x0d;</text:p>
   <text:p text:style-name="Preformatted_20_Text">&lt;/interface&gt;&#x0d;</text:p>
   <text:p text:style-name="Preformatted_20_Text">&lt;/hal&gt;&#x0d;</text:p>
   <text:p text:style-name="Preformatted_20_Text">&lt;hal format=&quot;hidl&quot;&gt;&#x0d;</text:p>
   <text:p text:style-name="Preformatted_20_Text">&lt;name&gt;vendor.qti.hardware.embmssl&lt;/name&gt;&#x0d;</text:p>
   <text:p text:style-name="Preformatted_20_Text">&lt;transport&gt;hwbinder&lt;/transport&gt;&#x0d;</text:p>
   <text:p text:style-name="Preformatted_20_Text">&lt;version&gt;1.0&lt;/version&gt;&#x0d;</text:p>
   <text:p text:style-name="Preformatted_20_Text">&lt;interface&gt;&#x0d;</text:p>
   <text:p text:style-name="Preformatted_20_Text">&lt;name&gt;IEmbms&lt;/name&gt;&#x0d;</text:p>
   <text:p text:style-name="Preformatted_20_Text">&lt;instance&gt;embmsslServer0&lt;/instance&gt;&#x0d;</text:p>
   <text:p text:style-name="Preformatted_20_Text"><text:soft-page-break/>&lt;/interface&gt;&#x0d;</text:p>
   <text:p text:style-name="Preformatted_20_Text">&lt;/hal&gt;&#x0d;</text:p>
   <text:p text:style-name="Preformatted_20_Text">&lt;hal format=&quot;hidl&quot;&gt;&#x0d;</text:p>
   <text:p text:style-name="Preformatted_20_Text">&lt;name&gt;vendor.qti.hardware.factory&lt;/name&gt;&#x0d;</text:p>
   <text:p text:style-name="Preformatted_20_Text">&lt;transport&gt;hwbinder&lt;/transport&gt;&#x0d;</text:p>
   <text:p text:style-name="Preformatted_20_Text">&lt;version&gt;1.1&lt;/version&gt;&#x0d;</text:p>
   <text:p text:style-name="Preformatted_20_Text">&lt;interface&gt;&#x0d;</text:p>
   <text:p text:style-name="Preformatted_20_Text">&lt;name&gt;IFactory&lt;/name&gt;&#x0d;</text:p>
   <text:p text:style-name="Preformatted_20_Text">&lt;instance&gt;default&lt;/instance&gt;&#x0d;</text:p>
   <text:p text:style-name="Preformatted_20_Text">&lt;/interface&gt;&#x0d;</text:p>
   <text:p text:style-name="Preformatted_20_Text">&lt;/hal&gt;&#x0d;</text:p>
   <text:p text:style-name="Preformatted_20_Text">&lt;hal format=&quot;hidl&quot;&gt;&#x0d;</text:p>
   <text:p text:style-name="Preformatted_20_Text">&lt;name&gt;vendor.qti.hardware.iop&lt;/name&gt;&#x0d;</text:p>
   <text:p text:style-name="Preformatted_20_Text">&lt;transport&gt;hwbinder&lt;/transport&gt;&#x0d;</text:p>
   <text:p text:style-name="Preformatted_20_Text">&lt;version&gt;2.0&lt;/version&gt;&#x0d;</text:p>
   <text:p text:style-name="Preformatted_20_Text">&lt;interface&gt;&#x0d;</text:p>
   <text:p text:style-name="Preformatted_20_Text">&lt;name&gt;IIop&lt;/name&gt;&#x0d;</text:p>
   <text:p text:style-name="Preformatted_20_Text">&lt;instance&gt;default&lt;/instance&gt;&#x0d;</text:p>
   <text:p text:style-name="Preformatted_20_Text">&lt;/interface&gt;&#x0d;</text:p>
   <text:p text:style-name="Preformatted_20_Text">&lt;/hal&gt;&#x0d;</text:p>
   <text:p text:style-name="Preformatted_20_Text">&lt;hal format=&quot;hidl&quot;&gt;&#x0d;</text:p>
   <text:p text:style-name="Preformatted_20_Text"><text:soft-page-break/>&lt;name&gt;vendor.qti.hardware.perf&lt;/name&gt;&#x0d;</text:p>
   <text:p text:style-name="Preformatted_20_Text">&lt;transport&gt;hwbinder&lt;/transport&gt;&#x0d;</text:p>
   <text:p text:style-name="Preformatted_20_Text">&lt;version&gt;2.2&lt;/version&gt;&#x0d;</text:p>
   <text:p text:style-name="Preformatted_20_Text">&lt;interface&gt;&#x0d;</text:p>
   <text:p text:style-name="Preformatted_20_Text">&lt;name&gt;IPerf&lt;/name&gt;&#x0d;</text:p>
   <text:p text:style-name="Preformatted_20_Text">&lt;instance&gt;default&lt;/instance&gt;&#x0d;</text:p>
   <text:p text:style-name="Preformatted_20_Text">&lt;/interface&gt;&#x0d;</text:p>
   <text:p text:style-name="Preformatted_20_Text">&lt;/hal&gt;&#x0d;</text:p>
   <text:p text:style-name="Preformatted_20_Text">&lt;hal format=&quot;hidl&quot;&gt;&#x0d;</text:p>
   <text:p text:style-name="Preformatted_20_Text">&lt;name&gt;vendor.qti.hardware.qccvndhal&lt;/name&gt;&#x0d;</text:p>
   <text:p text:style-name="Preformatted_20_Text">&lt;transport&gt;hwbinder&lt;/transport&gt;&#x0d;</text:p>
   <text:p text:style-name="Preformatted_20_Text">&lt;version&gt;1.0&lt;/version&gt;&#x0d;</text:p>
   <text:p text:style-name="Preformatted_20_Text">&lt;interface&gt;&#x0d;</text:p>
   <text:p text:style-name="Preformatted_20_Text">&lt;name&gt;IQccvndhal&lt;/name&gt;&#x0d;</text:p>
   <text:p text:style-name="Preformatted_20_Text">&lt;instance&gt;qccvndhal&lt;/instance&gt;&#x0d;</text:p>
   <text:p text:style-name="Preformatted_20_Text">&lt;/interface&gt;&#x0d;</text:p>
   <text:p text:style-name="Preformatted_20_Text">&lt;/hal&gt;&#x0d;</text:p>
   <text:p text:style-name="Preformatted_20_Text">&lt;hal format=&quot;hidl&quot;&gt;&#x0d;</text:p>
   <text:p text:style-name="Preformatted_20_Text">&lt;name&gt;vendor.qti.hardware.qseecom&lt;/name&gt;&#x0d;</text:p>
   <text:p text:style-name="Preformatted_20_Text">&lt;transport&gt;hwbinder&lt;/transport&gt;&#x0d;</text:p>
   <text:p text:style-name="Preformatted_20_Text">&lt;version&gt;1.0&lt;/version&gt;&#x0d;</text:p>
   <text:p text:style-name="Preformatted_20_Text"><text:soft-page-break/>&lt;interface&gt;&#x0d;</text:p>
   <text:p text:style-name="Preformatted_20_Text">&lt;name&gt;IQSEECom&lt;/name&gt;&#x0d;</text:p>
   <text:p text:style-name="Preformatted_20_Text">&lt;instance&gt;default&lt;/instance&gt;&#x0d;</text:p>
   <text:p text:style-name="Preformatted_20_Text">&lt;/interface&gt;&#x0d;</text:p>
   <text:p text:style-name="Preformatted_20_Text">&lt;/hal&gt;&#x0d;</text:p>
   <text:p text:style-name="Preformatted_20_Text">&lt;hal format=&quot;hidl&quot;&gt;&#x0d;</text:p>
   <text:p text:style-name="Preformatted_20_Text">&lt;name&gt;vendor.qti.hardware.qteeconnector&lt;/name&gt;&#x0d;</text:p>
   <text:p text:style-name="Preformatted_20_Text">&lt;transport&gt;hwbinder&lt;/transport&gt;&#x0d;</text:p>
   <text:p text:style-name="Preformatted_20_Text">&lt;version&gt;1.0&lt;/version&gt;&#x0d;</text:p>
   <text:p text:style-name="Preformatted_20_Text">&lt;interface&gt;&#x0d;</text:p>
   <text:p text:style-name="Preformatted_20_Text">&lt;name&gt;IAppConnector&lt;/name&gt;&#x0d;</text:p>
   <text:p text:style-name="Preformatted_20_Text">&lt;instance&gt;default&lt;/instance&gt;&#x0d;</text:p>
   <text:p text:style-name="Preformatted_20_Text">&lt;/interface&gt;&#x0d;</text:p>
   <text:p text:style-name="Preformatted_20_Text">&lt;interface&gt;&#x0d;</text:p>
   <text:p text:style-name="Preformatted_20_Text">&lt;name&gt;IGPAppConnector&lt;/name&gt;&#x0d;</text:p>
   <text:p text:style-name="Preformatted_20_Text">&lt;instance&gt;default&lt;/instance&gt;&#x0d;</text:p>
   <text:p text:style-name="Preformatted_20_Text">&lt;/interface&gt;&#x0d;</text:p>
   <text:p text:style-name="Preformatted_20_Text">&lt;/hal&gt;&#x0d;</text:p>
   <text:p text:style-name="Preformatted_20_Text">&lt;hal format=&quot;hidl&quot;&gt;&#x0d;</text:p>
   <text:p text:style-name="Preformatted_20_Text">&lt;name&gt;vendor.qti.hardware.radio.am&lt;/name&gt;&#x0d;</text:p>
   <text:p text:style-name="Preformatted_20_Text">&lt;transport&gt;hwbinder&lt;/transport&gt;&#x0d;</text:p>
   <text:p text:style-name="Preformatted_20_Text"><text:soft-page-break/>&lt;version&gt;1.0&lt;/version&gt;&#x0d;</text:p>
   <text:p text:style-name="Preformatted_20_Text">&lt;interface&gt;&#x0d;</text:p>
   <text:p text:style-name="Preformatted_20_Text">&lt;name&gt;IQcRilAudio&lt;/name&gt;&#x0d;</text:p>
   <text:p text:style-name="Preformatted_20_Text">&lt;instance&gt;slot1&lt;/instance&gt;&#x0d;</text:p>
   <text:p text:style-name="Preformatted_20_Text">&lt;instance&gt;slot2&lt;/instance&gt;&#x0d;</text:p>
   <text:p text:style-name="Preformatted_20_Text">&lt;/interface&gt;&#x0d;</text:p>
   <text:p text:style-name="Preformatted_20_Text">&lt;/hal&gt;&#x0d;</text:p>
   <text:p text:style-name="Preformatted_20_Text">&lt;hal format=&quot;hidl&quot;&gt;&#x0d;</text:p>
   <text:p text:style-name="Preformatted_20_Text">&lt;name&gt;vendor.qti.hardware.radio.ims&lt;/name&gt;&#x0d;</text:p>
   <text:p text:style-name="Preformatted_20_Text">&lt;transport&gt;hwbinder&lt;/transport&gt;&#x0d;</text:p>
   <text:p text:style-name="Preformatted_20_Text">&lt;version&gt;1.6&lt;/version&gt;&#x0d;</text:p>
   <text:p text:style-name="Preformatted_20_Text">&lt;interface&gt;&#x0d;</text:p>
   <text:p text:style-name="Preformatted_20_Text">&lt;name&gt;IImsRadio&lt;/name&gt;&#x0d;</text:p>
   <text:p text:style-name="Preformatted_20_Text">&lt;instance&gt;imsradio0&lt;/instance&gt;&#x0d;</text:p>
   <text:p text:style-name="Preformatted_20_Text">&lt;instance&gt;imsradio1&lt;/instance&gt;&#x0d;</text:p>
   <text:p text:style-name="Preformatted_20_Text">&lt;/interface&gt;&#x0d;</text:p>
   <text:p text:style-name="Preformatted_20_Text">&lt;/hal&gt;&#x0d;</text:p>
   <text:p text:style-name="Preformatted_20_Text">&lt;hal format=&quot;hidl&quot;&gt;&#x0d;</text:p>
   <text:p text:style-name="Preformatted_20_Text">&lt;name&gt;vendor.qti.hardware.radio.lpa&lt;/name&gt;&#x0d;</text:p>
   <text:p text:style-name="Preformatted_20_Text">&lt;transport&gt;hwbinder&lt;/transport&gt;&#x0d;</text:p>
   <text:p text:style-name="Preformatted_20_Text">&lt;version&gt;1.0&lt;/version&gt;&#x0d;</text:p>
   <text:p text:style-name="Preformatted_20_Text"><text:soft-page-break/>&lt;interface&gt;&#x0d;</text:p>
   <text:p text:style-name="Preformatted_20_Text">&lt;name&gt;IUimLpa&lt;/name&gt;&#x0d;</text:p>
   <text:p text:style-name="Preformatted_20_Text">&lt;instance&gt;UimLpa0&lt;/instance&gt;&#x0d;</text:p>
   <text:p text:style-name="Preformatted_20_Text">&lt;instance&gt;UimLpa1&lt;/instance&gt;&#x0d;</text:p>
   <text:p text:style-name="Preformatted_20_Text">&lt;/interface&gt;&#x0d;</text:p>
   <text:p text:style-name="Preformatted_20_Text">&lt;/hal&gt;&#x0d;</text:p>
   <text:p text:style-name="Preformatted_20_Text">&lt;hal format=&quot;hidl&quot;&gt;&#x0d;</text:p>
   <text:p text:style-name="Preformatted_20_Text">&lt;name&gt;vendor.qti.hardware.radio.qcrilhook&lt;/name&gt;&#x0d;</text:p>
   <text:p text:style-name="Preformatted_20_Text">&lt;transport&gt;hwbinder&lt;/transport&gt;&#x0d;</text:p>
   <text:p text:style-name="Preformatted_20_Text">&lt;version&gt;1.0&lt;/version&gt;&#x0d;</text:p>
   <text:p text:style-name="Preformatted_20_Text">&lt;interface&gt;&#x0d;</text:p>
   <text:p text:style-name="Preformatted_20_Text">&lt;name&gt;IQtiOemHook&lt;/name&gt;&#x0d;</text:p>
   <text:p text:style-name="Preformatted_20_Text">&lt;instance&gt;oemhook0&lt;/instance&gt;&#x0d;</text:p>
   <text:p text:style-name="Preformatted_20_Text">&lt;instance&gt;oemhook1&lt;/instance&gt;&#x0d;</text:p>
   <text:p text:style-name="Preformatted_20_Text">&lt;/interface&gt;&#x0d;</text:p>
   <text:p text:style-name="Preformatted_20_Text">&lt;/hal&gt;&#x0d;</text:p>
   <text:p text:style-name="Preformatted_20_Text">&lt;hal format=&quot;hidl&quot;&gt;&#x0d;</text:p>
   <text:p text:style-name="Preformatted_20_Text">&lt;name&gt;vendor.qti.hardware.radio.qtiradio&lt;/name&gt;&#x0d;</text:p>
   <text:p text:style-name="Preformatted_20_Text">&lt;transport&gt;hwbinder&lt;/transport&gt;&#x0d;</text:p>
   <text:p text:style-name="Preformatted_20_Text">&lt;version&gt;1.0&lt;/version&gt;&#x0d;</text:p>
   <text:p text:style-name="Preformatted_20_Text">&lt;interface&gt;&#x0d;</text:p>
   <text:p text:style-name="Preformatted_20_Text"><text:soft-page-break/>&lt;name&gt;IQtiRadio&lt;/name&gt;&#x0d;</text:p>
   <text:p text:style-name="Preformatted_20_Text">&lt;instance&gt;slot1&lt;/instance&gt;&#x0d;</text:p>
   <text:p text:style-name="Preformatted_20_Text">&lt;instance&gt;slot2&lt;/instance&gt;&#x0d;</text:p>
   <text:p text:style-name="Preformatted_20_Text">&lt;/interface&gt;&#x0d;</text:p>
   <text:p text:style-name="Preformatted_20_Text">&lt;/hal&gt;&#x0d;</text:p>
   <text:p text:style-name="Preformatted_20_Text">&lt;hal format=&quot;hidl&quot;&gt;&#x0d;</text:p>
   <text:p text:style-name="Preformatted_20_Text">&lt;name&gt;vendor.qti.hardware.radio.qtiradio&lt;/name&gt;&#x0d;</text:p>
   <text:p text:style-name="Preformatted_20_Text">&lt;transport&gt;hwbinder&lt;/transport&gt;&#x0d;</text:p>
   <text:p text:style-name="Preformatted_20_Text">&lt;version&gt;2.4&lt;/version&gt;&#x0d;</text:p>
   <text:p text:style-name="Preformatted_20_Text">&lt;interface&gt;&#x0d;</text:p>
   <text:p text:style-name="Preformatted_20_Text">&lt;name&gt;IQtiRadio&lt;/name&gt;&#x0d;</text:p>
   <text:p text:style-name="Preformatted_20_Text">&lt;instance&gt;slot1&lt;/instance&gt;&#x0d;</text:p>
   <text:p text:style-name="Preformatted_20_Text">&lt;instance&gt;slot2&lt;/instance&gt;&#x0d;</text:p>
   <text:p text:style-name="Preformatted_20_Text">&lt;/interface&gt;&#x0d;</text:p>
   <text:p text:style-name="Preformatted_20_Text">&lt;/hal&gt;&#x0d;</text:p>
   <text:p text:style-name="Preformatted_20_Text">&lt;hal format=&quot;hidl&quot;&gt;&#x0d;</text:p>
   <text:p text:style-name="Preformatted_20_Text">&lt;name&gt;vendor.qti.hardware.radio.uim&lt;/name&gt;&#x0d;</text:p>
   <text:p text:style-name="Preformatted_20_Text">&lt;transport&gt;hwbinder&lt;/transport&gt;&#x0d;</text:p>
   <text:p text:style-name="Preformatted_20_Text">&lt;version&gt;1.2&lt;/version&gt;&#x0d;</text:p>
   <text:p text:style-name="Preformatted_20_Text">&lt;interface&gt;&#x0d;</text:p>
   <text:p text:style-name="Preformatted_20_Text">&lt;name&gt;IUim&lt;/name&gt;&#x0d;</text:p>
   <text:p text:style-name="Preformatted_20_Text"><text:soft-page-break/>&lt;instance&gt;Uim0&lt;/instance&gt;&#x0d;</text:p>
   <text:p text:style-name="Preformatted_20_Text">&lt;instance&gt;Uim1&lt;/instance&gt;&#x0d;</text:p>
   <text:p text:style-name="Preformatted_20_Text">&lt;/interface&gt;&#x0d;</text:p>
   <text:p text:style-name="Preformatted_20_Text">&lt;/hal&gt;&#x0d;</text:p>
   <text:p text:style-name="Preformatted_20_Text">&lt;hal format=&quot;hidl&quot;&gt;&#x0d;</text:p>
   <text:p text:style-name="Preformatted_20_Text">&lt;name&gt;vendor.qti.hardware.radio.uim_remote_client&lt;/name&gt;&#x0d;</text:p>
   <text:p text:style-name="Preformatted_20_Text">&lt;transport&gt;hwbinder&lt;/transport&gt;&#x0d;</text:p>
   <text:p text:style-name="Preformatted_20_Text">&lt;version&gt;1.0&lt;/version&gt;&#x0d;</text:p>
   <text:p text:style-name="Preformatted_20_Text">&lt;interface&gt;&#x0d;</text:p>
   <text:p text:style-name="Preformatted_20_Text">&lt;name&gt;IUimRemoteServiceClient&lt;/name&gt;&#x0d;</text:p>
   <text:p text:style-name="Preformatted_20_Text">&lt;instance&gt;uimRemoteClient0&lt;/instance&gt;&#x0d;</text:p>
   <text:p text:style-name="Preformatted_20_Text">&lt;instance&gt;uimRemoteClient1&lt;/instance&gt;&#x0d;</text:p>
   <text:p text:style-name="Preformatted_20_Text">&lt;/interface&gt;&#x0d;</text:p>
   <text:p text:style-name="Preformatted_20_Text">&lt;/hal&gt;&#x0d;</text:p>
   <text:p text:style-name="Preformatted_20_Text">&lt;hal format=&quot;hidl&quot;&gt;&#x0d;</text:p>
   <text:p text:style-name="Preformatted_20_Text">&lt;name&gt;vendor.qti.hardware.radio.uim_remote_server&lt;/name&gt;&#x0d;</text:p>
   <text:p text:style-name="Preformatted_20_Text">&lt;transport&gt;hwbinder&lt;/transport&gt;&#x0d;</text:p>
   <text:p text:style-name="Preformatted_20_Text">&lt;version&gt;1.0&lt;/version&gt;&#x0d;</text:p>
   <text:p text:style-name="Preformatted_20_Text">&lt;interface&gt;&#x0d;</text:p>
   <text:p text:style-name="Preformatted_20_Text">&lt;name&gt;IUimRemoteServiceServer&lt;/name&gt;&#x0d;</text:p>
   <text:p text:style-name="Preformatted_20_Text">&lt;instance&gt;uimRemoteServer0&lt;/instance&gt;&#x0d;</text:p>
   <text:p text:style-name="Preformatted_20_Text"><text:soft-page-break/>&lt;instance&gt;uimRemoteServer1&lt;/instance&gt;&#x0d;</text:p>
   <text:p text:style-name="Preformatted_20_Text">&lt;/interface&gt;&#x0d;</text:p>
   <text:p text:style-name="Preformatted_20_Text">&lt;/hal&gt;&#x0d;</text:p>
   <text:p text:style-name="Preformatted_20_Text">&lt;hal format=&quot;hidl&quot;&gt;&#x0d;</text:p>
   <text:p text:style-name="Preformatted_20_Text">&lt;name&gt;vendor.qti.hardware.sensorscalibrate&lt;/name&gt;&#x0d;</text:p>
   <text:p text:style-name="Preformatted_20_Text">&lt;transport&gt;hwbinder&lt;/transport&gt;&#x0d;</text:p>
   <text:p text:style-name="Preformatted_20_Text">&lt;version&gt;1.0&lt;/version&gt;&#x0d;</text:p>
   <text:p text:style-name="Preformatted_20_Text">&lt;interface&gt;&#x0d;</text:p>
   <text:p text:style-name="Preformatted_20_Text">&lt;name&gt;ISensorsCalibrate&lt;/name&gt;&#x0d;</text:p>
   <text:p text:style-name="Preformatted_20_Text">&lt;instance&gt;default&lt;/instance&gt;&#x0d;</text:p>
   <text:p text:style-name="Preformatted_20_Text">&lt;/interface&gt;&#x0d;</text:p>
   <text:p text:style-name="Preformatted_20_Text">&lt;/hal&gt;&#x0d;</text:p>
   <text:p text:style-name="Preformatted_20_Text">&lt;hal format=&quot;hidl&quot;&gt;&#x0d;</text:p>
   <text:p text:style-name="Preformatted_20_Text">&lt;name&gt;vendor.qti.hardware.soter&lt;/name&gt;&#x0d;</text:p>
   <text:p text:style-name="Preformatted_20_Text">&lt;transport&gt;hwbinder&lt;/transport&gt;&#x0d;</text:p>
   <text:p text:style-name="Preformatted_20_Text">&lt;version&gt;1.0&lt;/version&gt;&#x0d;</text:p>
   <text:p text:style-name="Preformatted_20_Text">&lt;interface&gt;&#x0d;</text:p>
   <text:p text:style-name="Preformatted_20_Text">&lt;name&gt;ISoter&lt;/name&gt;&#x0d;</text:p>
   <text:p text:style-name="Preformatted_20_Text">&lt;instance&gt;default&lt;/instance&gt;&#x0d;</text:p>
   <text:p text:style-name="Preformatted_20_Text">&lt;/interface&gt;&#x0d;</text:p>
   <text:p text:style-name="Preformatted_20_Text">&lt;/hal&gt;&#x0d;</text:p>
   <text:p text:style-name="Preformatted_20_Text"><text:soft-page-break/>&lt;hal format=&quot;hidl&quot;&gt;&#x0d;</text:p>
   <text:p text:style-name="Preformatted_20_Text">&lt;name&gt;vendor.qti.hardware.trustedui&lt;/name&gt;&#x0d;</text:p>
   <text:p text:style-name="Preformatted_20_Text">&lt;transport&gt;hwbinder&lt;/transport&gt;&#x0d;</text:p>
   <text:p text:style-name="Preformatted_20_Text">&lt;version&gt;1.0&lt;/version&gt;&#x0d;</text:p>
   <text:p text:style-name="Preformatted_20_Text">&lt;interface&gt;&#x0d;</text:p>
   <text:p text:style-name="Preformatted_20_Text">&lt;name&gt;ITrustedInput&lt;/name&gt;&#x0d;</text:p>
   <text:p text:style-name="Preformatted_20_Text">&lt;instance&gt;default&lt;/instance&gt;&#x0d;</text:p>
   <text:p text:style-name="Preformatted_20_Text">&lt;/interface&gt;&#x0d;</text:p>
   <text:p text:style-name="Preformatted_20_Text">&lt;interface&gt;&#x0d;</text:p>
   <text:p text:style-name="Preformatted_20_Text">&lt;name&gt;ITrustedUI&lt;/name&gt;&#x0d;</text:p>
   <text:p text:style-name="Preformatted_20_Text">&lt;instance&gt;default&lt;/instance&gt;&#x0d;</text:p>
   <text:p text:style-name="Preformatted_20_Text">&lt;/interface&gt;&#x0d;</text:p>
   <text:p text:style-name="Preformatted_20_Text">&lt;/hal&gt;&#x0d;</text:p>
   <text:p text:style-name="Preformatted_20_Text">&lt;hal format=&quot;hidl&quot;&gt;&#x0d;</text:p>
   <text:p text:style-name="Preformatted_20_Text">&lt;name&gt;vendor.qti.hardware.tui_comm&lt;/name&gt;&#x0d;</text:p>
   <text:p text:style-name="Preformatted_20_Text">&lt;transport&gt;hwbinder&lt;/transport&gt;&#x0d;</text:p>
   <text:p text:style-name="Preformatted_20_Text">&lt;version&gt;1.0&lt;/version&gt;&#x0d;</text:p>
   <text:p text:style-name="Preformatted_20_Text">&lt;interface&gt;&#x0d;</text:p>
   <text:p text:style-name="Preformatted_20_Text">&lt;name&gt;ITuiComm&lt;/name&gt;&#x0d;</text:p>
   <text:p text:style-name="Preformatted_20_Text">&lt;instance&gt;default&lt;/instance&gt;&#x0d;</text:p>
   <text:p text:style-name="Preformatted_20_Text">&lt;/interface&gt;&#x0d;</text:p>
   <text:p text:style-name="Preformatted_20_Text"><text:soft-page-break/>&lt;/hal&gt;&#x0d;</text:p>
   <text:p text:style-name="Preformatted_20_Text">&lt;hal format=&quot;hidl&quot;&gt;&#x0d;</text:p>
   <text:p text:style-name="Preformatted_20_Text">&lt;name&gt;vendor.qti.hardware.vpp&lt;/name&gt;&#x0d;</text:p>
   <text:p text:style-name="Preformatted_20_Text">&lt;transport&gt;hwbinder&lt;/transport&gt;&#x0d;</text:p>
   <text:p text:style-name="Preformatted_20_Text">&lt;version&gt;1.3&lt;/version&gt;&#x0d;</text:p>
   <text:p text:style-name="Preformatted_20_Text">&lt;interface&gt;&#x0d;</text:p>
   <text:p text:style-name="Preformatted_20_Text">&lt;name&gt;IHidlVppService&lt;/name&gt;&#x0d;</text:p>
   <text:p text:style-name="Preformatted_20_Text">&lt;instance&gt;vppService&lt;/instance&gt;&#x0d;</text:p>
   <text:p text:style-name="Preformatted_20_Text">&lt;/interface&gt;&#x0d;</text:p>
   <text:p text:style-name="Preformatted_20_Text">&lt;/hal&gt;&#x0d;</text:p>
   <text:p text:style-name="Preformatted_20_Text">&lt;hal format=&quot;hidl&quot;&gt;&#x0d;</text:p>
   <text:p text:style-name="Preformatted_20_Text">&lt;name&gt;vendor.qti.hardware.wifi.wifilearner&lt;/name&gt;&#x0d;</text:p>
   <text:p text:style-name="Preformatted_20_Text">&lt;transport&gt;hwbinder&lt;/transport&gt;&#x0d;</text:p>
   <text:p text:style-name="Preformatted_20_Text">&lt;version&gt;1.0&lt;/version&gt;&#x0d;</text:p>
   <text:p text:style-name="Preformatted_20_Text">&lt;interface&gt;&#x0d;</text:p>
   <text:p text:style-name="Preformatted_20_Text">&lt;name&gt;IWifiStats&lt;/name&gt;&#x0d;</text:p>
   <text:p text:style-name="Preformatted_20_Text">&lt;instance&gt;wifiStats&lt;/instance&gt;&#x0d;</text:p>
   <text:p text:style-name="Preformatted_20_Text">&lt;/interface&gt;&#x0d;</text:p>
   <text:p text:style-name="Preformatted_20_Text">&lt;/hal&gt;&#x0d;</text:p>
   <text:p text:style-name="Preformatted_20_Text">&lt;hal format=&quot;hidl&quot;&gt;&#x0d;</text:p>
   <text:p text:style-name="Preformatted_20_Text">&lt;name&gt;vendor.qti.ims.callinfo&lt;/name&gt;&#x0d;</text:p>
   <text:p text:style-name="Preformatted_20_Text"><text:soft-page-break/>&lt;transport&gt;hwbinder&lt;/transport&gt;&#x0d;</text:p>
   <text:p text:style-name="Preformatted_20_Text">&lt;version&gt;1.0&lt;/version&gt;&#x0d;</text:p>
   <text:p text:style-name="Preformatted_20_Text">&lt;interface&gt;&#x0d;</text:p>
   <text:p text:style-name="Preformatted_20_Text">&lt;name&gt;IService&lt;/name&gt;&#x0d;</text:p>
   <text:p text:style-name="Preformatted_20_Text">&lt;instance&gt;default&lt;/instance&gt;&#x0d;</text:p>
   <text:p text:style-name="Preformatted_20_Text">&lt;/interface&gt;&#x0d;</text:p>
   <text:p text:style-name="Preformatted_20_Text">&lt;/hal&gt;&#x0d;</text:p>
   <text:p text:style-name="Preformatted_20_Text">&lt;hal format=&quot;hidl&quot;&gt;&#x0d;</text:p>
   <text:p text:style-name="Preformatted_20_Text">&lt;name&gt;vendor.qti.ims.factory&lt;/name&gt;&#x0d;</text:p>
   <text:p text:style-name="Preformatted_20_Text">&lt;transport&gt;hwbinder&lt;/transport&gt;&#x0d;</text:p>
   <text:p text:style-name="Preformatted_20_Text">&lt;version&gt;1.0&lt;/version&gt;&#x0d;</text:p>
   <text:p text:style-name="Preformatted_20_Text">&lt;interface&gt;&#x0d;</text:p>
   <text:p text:style-name="Preformatted_20_Text">&lt;name&gt;IImsFactory&lt;/name&gt;&#x0d;</text:p>
   <text:p text:style-name="Preformatted_20_Text">&lt;instance&gt;default&lt;/instance&gt;&#x0d;</text:p>
   <text:p text:style-name="Preformatted_20_Text">&lt;/interface&gt;&#x0d;</text:p>
   <text:p text:style-name="Preformatted_20_Text">&lt;/hal&gt;&#x0d;</text:p>
   <text:p text:style-name="Preformatted_20_Text">&lt;hal format=&quot;hidl&quot;&gt;&#x0d;</text:p>
   <text:p text:style-name="Preformatted_20_Text">&lt;name&gt;vendor.qti.imsrtpservice&lt;/name&gt;&#x0d;</text:p>
   <text:p text:style-name="Preformatted_20_Text">&lt;transport&gt;hwbinder&lt;/transport&gt;&#x0d;</text:p>
   <text:p text:style-name="Preformatted_20_Text">&lt;version&gt;3.0&lt;/version&gt;&#x0d;</text:p>
   <text:p text:style-name="Preformatted_20_Text">&lt;interface&gt;&#x0d;</text:p>
   <text:p text:style-name="Preformatted_20_Text"><text:soft-page-break/>&lt;name&gt;IRTPService&lt;/name&gt;&#x0d;</text:p>
   <text:p text:style-name="Preformatted_20_Text">&lt;instance&gt;imsrtpservice&lt;/instance&gt;&#x0d;</text:p>
   <text:p text:style-name="Preformatted_20_Text">&lt;/interface&gt;&#x0d;</text:p>
   <text:p text:style-name="Preformatted_20_Text">&lt;/hal&gt;&#x0d;</text:p>
   <text:p text:style-name="Preformatted_20_Text">&lt;/manifest&gt;</text:p>
  </office:text>
 </office:body>
</office:document>